Date,positions,holdings,cash,total,returns
2023-01-04 08:00:00,0.0,0.0,10000.0,10000.0,0.0
2023-01-04 09:00:00,1.0,1.05937,9998.94063,10000.0,0.0
2023-01-04 10:00:00,1.0,1.0616,9998.94063,10000.00223,2.2300000002140052e-07
2023-01-04 11:00:00,1.0,1.06109,9998.94063,10000.001719999998,-5.099998878765888e-08
2023-01-04 12:00:00,1.0,1.06207,9998.94063,10000.0027,9.79999832395606e-08
2023-01-04 13:00:00,1.0,1.06045,9998.94063,10000.00108,-1.6199995611643203e-07
2023-01-04 14:00:00,1.0,1.06071,9998.94063,10000.001339999999,2.5999997044223733e-08
2023-01-04 15:00:00,1.0,1.06105,9998.94063,10000.00168,3.399999548570065e-08
2023-01-04 16:00:00,1.0,1.06243,9998.94063,10000.00306,1.3799997677921283e-07
2023-01-04 17:00:00,1.0,1.06034,9998.94063,10000.00097,-2.0899993602441214e-07
2023-01-04 18:00:00,1.0,1.06191,9998.94063,10000.00254,1.5699998479057342e-07
2023-01-04 19:00:00,1.0,1.06074,9998.94063,10000.00137,-1.1699997026770603e-07
2023-01-04 20:00:00,1.0,1.05991,9998.94063,10000.00054,-8.299998865979319e-08
2023-01-04 21:00:00,1.0,1.06056,9998.94063,10000.001189999999,6.499999649633992e-08
2023-01-04 22:00:00,1.0,1.06035,9998.94063,10000.000979999999,-2.0999997518700297e-08
2023-01-04 23:00:00,1.0,1.0603,9998.94063,10000.000929999998,-4.999999525523435e-09
2023-01-05 00:00:00,1.0,1.0605,9998.94063,10000.001129999999,1.999999810209374e-08
2023-01-05 01:00:00,1.0,1.06061,9998.94063,10000.00124,1.0999998911742637e-08
2023-01-05 02:00:00,1.0,1.06289,9998.94063,10000.003519999998,2.2799997156930374e-07
2023-01-05 03:00:00,1.0,1.06204,9998.94063,10000.00267,-8.499996995148251e-08
2023-01-05 04:00:00,1.0,1.06174,9998.94063,10000.002369999998,-2.9999992157137e-08
2023-01-05 05:00:00,1.0,1.06069,9998.94063,10000.00132,-1.0499997504798131e-07
2023-01-05 06:00:00,1.0,1.06043,9998.94063,10000.001059999999,-2.5999996600134523e-08
2023-01-05 07:00:00,1.0,1.06106,9998.94063,10000.00169,6.299999344427931e-08
2023-01-05 08:00:00,1.0,1.06034,9998.94063,10000.00097,-7.199998786067141e-08
2023-01-05 09:00:00,1.0,1.06055,9998.94063,10000.00118,2.0999997962789507e-08
2023-01-05 10:00:00,1.0,1.06202,9998.94063,10000.002649999999,1.4699998263090208e-07
2023-01-05 11:00:00,1.0,1.06235,9998.94063,10000.00298,3.299999140615739e-08
2023-01-05 12:00:00,1.0,1.06187,9998.94063,10000.002499999999,-4.7999985763880204e-08
2023-01-05 13:00:00,1.0,1.06111,9998.94063,10000.00174,-7.599998086416093e-08
2023-01-05 14:00:00,1.0,1.05995,9998.94063,10000.00058,-1.1599997984390598e-07
2023-01-05 15:00:00,1.0,1.05524,9998.94063,9999.995869999999,-4.7099997280142247e-07
2023-01-05 16:00:00,1.0,1.05393,9998.94063,9999.99456,-1.3100005402666426e-07
2023-01-05 17:00:00,1.0,1.05185,9998.94063,9999.992479999999,-2.080001131332665e-07
2023-01-05 18:00:00,1.0,1.05211,9998.94063,9999.99274,2.6000019692773435e-08
2023-01-05 19:00:00,1.0,1.05299,9998.94063,9999.99362,8.80000639025269e-08
2023-01-05 20:00:00,1.0,1.0536,9998.94063,9999.994229999998,6.100003879794258e-08
2023-01-05 21:00:00,1.0,1.05302,9998.94063,9999.993649999999,-5.800003344269555e-08
2023-01-05 22:00:00,1.0,1.05201,9998.94063,9999.992639999999,-1.0100006408997331e-07
2023-01-05 23:00:00,1.0,1.05207,9998.94063,9999.992699999999,6.000004493245115e-09
2023-01-06 00:00:00,1.0,1.05198,9998.94063,9999.99261,-9.000006517823067e-09
2023-01-06 01:00:00,1.0,1.05206,9998.94063,9999.99269,8.000005990993486e-09
2023-01-06 02:00:00,1.0,1.0529,9998.94063,9999.99353,8.400006157316398e-08
2023-01-06 03:00:00,1.0,1.0525,9998.94063,9999.993129999999,-4.000002595816454e-08
2023-01-06 04:00:00,1.0,1.05265,9998.94063,9999.993279999999,1.5000010344934367e-08
2023-01-06 05:00:00,1.0,1.05321,9998.94063,9999.99384,5.600003771810691e-08
2023-01-06 06:00:00,1.0,1.05243,9998.94063,9999.993059999999,-7.800004808711236e-08
2023-01-06 07:00:00,1.0,1.05143,9998.94063,9999.992059999999,-1.0000006944732576e-07
2023-01-06 08:00:00,1.0,1.05127,9998.94063,9999.991899999999,-1.6000012648120787e-08
2023-01-06 09:00:00,1.0,1.05127,9998.94063,9999.991899999999,0.0
2023-01-06 10:00:00,1.0,1.05186,9998.94063,9999.992489999999,5.900004773629064e-08
2023-01-06 11:00:00,1.0,1.05075,9998.94063,9999.99138,-1.1100008323605692e-07
2023-01-06 12:00:00,1.0,1.05077,9998.94063,9999.991399999999,2.0000017197929765e-09
2023-01-06 13:00:00,1.0,1.04943,9998.94063,9999.990059999998,-1.3400011533715173e-07
2023-01-06 14:00:00,1.0,1.04946,9998.94063,9999.99009,3.000003134800977e-09
2023-01-06 15:00:00,1.0,1.05426,9998.94063,9999.99489,4.800004758109822e-07
2023-01-06 16:00:00,1.0,1.05088,9998.94063,9999.99151,-3.380001727393278e-07
2023-01-06 17:00:00,1.0,1.06019,9998.94063,10000.00082,9.31000790460601e-07
2023-01-06 18:00:00,1.0,1.06187,9998.94063,10000.002499999999,1.679999861448067e-07
2023-01-06 19:00:00,1.0,1.06377,9998.94063,10000.0044,1.899999526600027e-07
2023-01-06 20:00:00,1.0,1.06378,9998.94063,10000.00441,9.999996386511611e-10
2023-01-06 21:00:00,1.0,1.06456,9998.94063,10000.00519,7.799996559754163e-08
2023-01-06 22:00:00,1.0,1.06462,9998.94063,10000.005249999998,5.999996721683942e-09
2023-01-06 23:00:00,1.0,1.06427,9998.94063,10000.0049,-3.499998146860861e-08
2023-01-09 00:00:00,1.0,1.06388,9998.94063,10000.004509999999,-3.8999981022413976e-08
2023-01-09 01:00:00,1.0,1.06623,9998.94063,10000.00686,2.349998939887854e-07
2023-01-09 02:00:00,1.0,1.06612,9998.94063,10000.006749999999,-1.0999992583471396e-08
2023-01-09 03:00:00,1.0,1.06667,9998.94063,10000.0073,5.4999963028379284e-08
2023-01-09 04:00:00,1.0,1.0677,9998.94063,10000.008329999999,1.0299992481144216e-07
2023-01-09 05:00:00,1.0,1.06675,9998.94063,10000.00738,-9.499992081885011e-08
2023-01-09 06:00:00,1.0,1.06766,9998.94063,10000.00829,9.09999329223865e-08
2023-01-09 07:00:00,1.0,1.06772,9998.94063,10000.008349999998,5.999994945327103e-09
2023-01-09 08:00:00,1.0,1.06818,9998.94063,10000.00881,4.599996161758213e-08
2023-01-09 09:00:00,1.0,1.06733,9998.94063,10000.007959999999,-8.499992509847232e-08
2023-01-09 10:00:00,1.0,1.06904,9998.94063,10000.00967,1.709998638244059e-07
2023-01-09 11:00:00,1.0,1.06724,9998.94063,10000.00787,-1.79999825933308e-07
2023-01-09 12:00:00,1.0,1.0669,9998.94063,10000.007529999999,-3.399997328124016e-08
2023-01-09 13:00:00,1.0,1.06843,9998.94063,10000.009059999998,1.5299988476158433e-07
2023-01-09 14:00:00,1.0,1.06889,9998.94063,10000.00952,4.599995850895766e-08
2023-01-09 15:00:00,1.0,1.07252,9998.94063,10000.013149999999,3.6299965433528314e-07
2023-01-09 16:00:00,1.0,1.07282,9998.94063,10000.013449999999,2.99999605157808e-08
2023-01-09 17:00:00,1.0,1.07403,9998.94063,10000.014659999999,1.2099983726088226e-07
2023-01-09 18:00:00,1.0,1.07582,9998.94063,10000.01645,1.7899973769885946e-07
2023-01-09 19:00:00,1.0,1.07503,9998.94063,10000.01566,-7.899987009007958e-08
2023-01-09 20:00:00,1.0,1.07433,9998.94063,10000.014959999999,-6.999989043965371e-08
2023-01-09 21:00:00,1.0,1.07518,9998.94063,10000.015809999999,8.499987291799016e-08
2023-01-09 22:00:00,1.0,1.07311,9998.94063,10000.013739999999,-2.0699967273607456e-07
2023-01-09 23:00:00,1.0,1.07318,9998.94063,10000.013809999999,6.9999903651307704e-09
2023-01-10 00:00:00,1.0,1.07315,9998.94063,10000.01378,-2.9999958073290145e-09
2023-01-10 01:00:00,1.0,1.07325,9998.94063,10000.013879999999,9.999986172459785e-09
2023-01-10 02:00:00,1.0,1.07275,9998.94063,10000.013379999999,-4.999993064025432e-08
2023-01-10 03:00:00,1.0,1.07362,9998.94063,10000.014249999998,8.699988351956733e-08
2023-01-10 04:00:00,1.0,1.07308,9998.94063,10000.01371,-5.3999922977610026e-08
2023-01-10 05:00:00,1.0,1.07324,9998.94063,10000.013869999999,1.599997800916242e-08
2023-01-10 06:00:00,1.0,1.07307,9998.94063,10000.0137,-1.699997631554595e-08
2023-01-10 07:00:00,1.0,1.07427,9998.94063,10000.014899999998,1.1999983540178505e-07
2023-01-10 08:00:00,1.0,1.07341,9998.94063,10000.01404,-8.59998716684629e-08
2023-01-10 09:00:00,1.0,1.07318,9998.94063,10000.013809999999,-2.2999967819181677e-08
2023-01-10 10:00:00,1.0,1.07386,9998.94063,10000.01449,6.799990615036222e-08
2023-01-10 11:00:00,1.0,1.07461,9998.94063,10000.015239999999,7.499989118642247e-08
2023-01-10 12:00:00,1.0,1.07365,9998.94063,10000.01428,-9.599985362207519e-08
2023-01-10 13:00:00,1.0,1.07352,9998.94063,10000.014149999999,-1.2999981424677287e-08
2023-01-10 14:00:00,1.0,1.07194,9998.94063,10000.012569999999,-1.5799977648445207e-07
2023-01-10 15:00:00,1.0,1.07217,9998.94063,10000.012799999999,2.299997103882845e-08
2023-01-10 16:00:00,1.0,1.07407,9998.94063,10000.0147,1.8999975681666115e-07
2023-01-10 17:00:00,1.0,1.07277,9998.94063,10000.0134,-1.2999980891770235e-07
2023-01-10 18:00:00,1.0,1.07365,9998.94063,10000.01428,8.799988204799547e-08
2023-01-10 19:00:00,1.0,1.07334,9998.94063,10000.01397,-3.099995571353986e-08
2023-01-10 20:00:00,1.0,1.0738,9998.94063,10000.01443,4.5999935638363354e-08
2023-01-10 21:00:00,1.0,1.0741,9998.94063,10000.014729999999,2.9999956741022515e-08
2023-01-10 22:00:00,1.0,1.07361,9998.94063,10000.014239999999,-4.899992789297869e-08
2023-01-10 23:00:00,1.0,1.07334,9998.94063,10000.01397,-2.699996137778271e-08
2023-01-11 00:00:00,1.0,1.07342,9998.94063,10000.01405,7.999988893558907e-09
2023-01-11 01:00:00,1.0,1.07383,9998.94063,10000.014459999999,4.0999942330088857e-08
2023-01-11 02:00:00,1.0,1.07451,9998.94063,10000.01514,6.799990170947012e-08
2023-01-11 03:00:00,1.0,1.0731,9998.94063,10000.013729999999,-1.4099978662418522e-07
2023-01-11 04:00:00,1.0,1.07268,9998.94063,10000.013309999998,-4.199994241282923e-08
2023-01-11 05:00:00,1.0,1.07334,9998.94063,10000.01397,6.599991220213042e-08
2023-01-11 06:00:00,1.0,1.07386,9998.94063,10000.01449,5.199992725302138e-08
2023-01-11 07:00:00,1.0,1.07478,9998.94063,10000.01541,9.199986683583461e-08
2023-01-11 08:00:00,1.0,1.07459,9998.94063,10000.01522,-1.8999970818889267e-08
2023-01-11 09:00:00,1.0,1.07469,9998.94063,10000.015319999999,9.99998461814755e-09
2023-01-11 10:00:00,1.0,1.07298,9998.94063,10000.01361,-1.7099973792511491e-07
2023-01-11 11:00:00,1.0,1.07417,9998.94063,10000.014799999999,1.1899983798357994e-07
2023-01-11 12:00:00,1.0,1.07493,9998.94063,10000.01556,7.599988749440456e-08
2023-01-11 13:00:00,1.0,1.07485,9998.94063,10000.01548,-7.999987561291277e-09
2023-01-11 14:00:00,1.0,1.07407,9998.94063,10000.0147,-7.799987933321262e-08
2023-01-11 15:00:00,1.0,1.07499,9998.94063,10000.015619999998,9.199986461538856e-08
2023-01-11 16:00:00,1.0,1.07699,9998.94063,10000.017619999999,1.999996877000143e-07
2023-01-11 17:00:00,1.0,1.0755,9998.94063,10000.01613,-1.4899973732607208e-07
2023-01-11 18:00:00,1.0,1.07388,9998.94063,10000.014509999999,-1.619997387347638e-07
2023-01-11 19:00:00,1.0,1.07468,9998.94063,10000.015309999999,7.999988382856316e-08
2023-01-11 20:00:00,1.0,1.07533,9998.94063,10000.015959999999,6.499990057307059e-08
2023-01-11 21:00:00,1.0,1.07634,9998.94063,10000.016969999999,1.0099983871469931e-07
2023-01-11 22:00:00,1.0,1.07539,9998.94063,10000.01602,-9.49998387733686e-08
2023-01-11 23:00:00,1.0,1.07556,9998.94063,10000.016189999998,1.6999972762832272e-08
2023-01-12 00:00:00,1.0,1.07557,9998.94063,10000.0162,9.999985284281365e-10
2023-01-12 01:00:00,1.0,1.07655,9998.94063,10000.017179999999,9.799984113101345e-08
2023-01-12 02:00:00,1.0,1.07611,9998.94063,10000.01674,-4.3999924370652366e-08
2023-01-12 03:00:00,1.0,1.07667,9998.94063,10000.0173,5.5999906267700794e-08
2023-01-12 04:00:00,1.0,1.0767,9998.94063,10000.017329999999,2.99999469710599e-09
2023-01-12 05:00:00,1.0,1.07686,9998.94063,10000.017489999998,1.599997223600269e-08
2023-01-12 06:00:00,1.0,1.07716,9998.94063,10000.01779,2.9999947637193713e-08
2023-01-12 07:00:00,1.0,1.07628,9998.94063,10000.016909999998,-8.799984363427882e-08
2023-01-12 08:00:00,1.0,1.07574,9998.94063,10000.01637,-5.3999908544710706e-08
2023-01-12 09:00:00,1.0,1.07627,9998.94063,10000.016899999999,5.299991312490704e-08
2023-01-12 10:00:00,1.0,1.07481,9998.94063,10000.01544,-1.4599975317608482e-07
2023-01-12 11:00:00,1.0,1.07655,9998.94063,10000.017179999999,1.7399973128995327e-07
2023-01-12 12:00:00,1.0,1.07625,9998.94063,10000.01688,-2.999994841434983e-08
2023-01-12 13:00:00,1.0,1.07617,9998.94063,10000.0168,-7.999986451068253e-09
2023-01-12 14:00:00,1.0,1.07629,9998.94063,10000.01692,1.1999979898646984e-08
2023-01-12 15:00:00,1.0,1.08291,9998.94063,10000.023539999998,6.619988797140763e-07
2023-01-12 16:00:00,1.0,1.07677,9998.94063,10000.017399999999,-6.139985545550175e-07
2023-01-12 17:00:00,1.0,1.0807,9998.94063,10000.02133,3.929993162010703e-07
2023-01-12 18:00:00,1.0,1.08225,9998.94063,10000.022879999999,1.5499966932175369e-07
2023-01-12 19:00:00,1.0,1.08487,9998.94063,10000.0255,2.619994006192172e-07
2023-01-12 20:00:00,1.0,1.08557,9998.94063,10000.026199999998,6.999982127275928e-08
2023-01-12 21:00:00,1.0,1.08494,9998.94063,10000.02557,-6.299983479340909e-08
2023-01-12 22:00:00,1.0,1.08522,9998.94063,10000.02585,2.7999928375876948e-08
2023-01-12 23:00:00,1.0,1.08515,9998.94063,10000.02578,-6.999981927435783e-09
2023-01-13 00:00:00,1.0,1.08465,9998.94063,10000.02528,-4.99998711323002e-08
2023-01-13 01:00:00,1.0,1.08597,9998.94063,10000.0266,1.3199966630850213e-07
2023-01-13 02:00:00,1.0,1.08522,9998.94063,10000.02585,-7.499980037017906e-08
2023-01-13 03:00:00,1.0,1.08554,9998.94063,10000.02617,3.1999917160518976e-08
2023-01-13 04:00:00,1.0,1.08445,9998.94063,10000.02508,-1.0899971469857661e-07
2023-01-13 05:00:00,1.0,1.08454,9998.94063,10000.025169999999,8.999977429979822e-09
2023-01-13 06:00:00,1.0,1.08397,9998.94063,10000.024599999999,-5.699985650142736e-08
2023-01-13 07:00:00,1.0,1.08372,9998.94063,10000.02435,-2.4999938452729964e-08
2023-01-13 08:00:00,1.0,1.08451,9998.94063,10000.02514,7.89998075845233e-08
2023-01-13 09:00:00,1.0,1.08489,9998.94063,10000.02552,3.7999904334284906e-08
2023-01-13 10:00:00,1.0,1.08554,9998.94063,10000.02617,6.499983418173372e-08
2023-01-13 11:00:00,1.0,1.08426,9998.94063,10000.024889999999,-1.2799966508936222e-07
2023-01-13 12:00:00,1.0,1.08452,9998.94063,10000.02515,2.5999935315823564e-08
2023-01-13 13:00:00,1.0,1.08121,9998.94063,10000.02184,-3.3099916751933023e-07
2023-01-13 14:00:00,1.0,1.08119,9998.94063,10000.02182,-1.999995613566341e-09
2023-01-13 15:00:00,1.0,1.07937,9998.94063,10000.019999999999,-1.8199960305498308e-07
2023-01-13 16:00:00,1.0,1.08181,9998.94063,10000.022439999999,2.4399951192854985e-07
2023-01-13 17:00:00,1.0,1.08296,9998.94063,10000.023589999999,1.1499974195139373e-07
2023-01-13 18:00:00,1.0,1.08102,9998.94063,10000.021649999999,-1.9399954231946737e-07
2023-01-13 19:00:00,1.0,1.08283,9998.94063,10000.023459999999,1.8099960819029093e-07
2023-01-13 20:00:00,1.0,1.08312,9998.94063,10000.023749999998,2.8999932011330998e-08
2023-01-13 21:00:00,1.0,1.08293,9998.94063,10000.02356,-1.899995472065541e-08
2023-01-13 22:00:00,1.0,1.08325,9998.94063,10000.023879999999,3.199992448799094e-08
2023-01-13 23:00:00,1.0,1.08323,9998.94063,10000.02386,-1.999995169477131e-09
2023-01-16 00:00:00,1.0,1.08309,9998.94063,10000.02372,-1.3999966630429128e-08
2023-01-16 01:00:00,1.0,1.08226,9998.94063,10000.022889999998,-8.299980325254808e-08
2023-01-16 02:00:00,1.0,1.08416,9998.94063,10000.02479,1.899995651921671e-07
2023-01-16 03:00:00,1.0,1.0868,9998.94063,10000.027429999998,2.6399934549559134e-07
2023-01-16 04:00:00,1.0,1.08667,9998.94063,10000.0273,-1.2999964216220405e-08
2023-01-16 05:00:00,1.0,1.086,9998.94063,10000.026629999998,-6.699981724977988e-08
2023-01-16 06:00:00,1.0,1.08528,9998.94063,10000.025909999998,-7.199980822658603e-08
2023-01-16 07:00:00,1.0,1.08605,9998.94063,10000.026679999999,7.69998005356598e-08
2023-01-16 08:00:00,1.0,1.08395,9998.94063,10000.02458,-2.099994397264382e-07
2023-01-16 09:00:00,1.0,1.08312,9998.94063,10000.023749999998,-8.299979603609842e-08
2023-01-16 10:00:00,1.0,1.08036,9998.94063,10000.020989999999,-2.7599934449007435e-07
2023-01-16 11:00:00,1.0,1.0821,9998.94063,10000.022729999999,1.7399963470055013e-07
2023-01-16 12:00:00,1.0,1.08301,9998.94063,10000.02364,9.099979325633001e-08
2023-01-16 13:00:00,1.0,1.08271,9998.94063,10000.02334,-2.99999290964692e-08
2023-01-16 14:00:00,1.0,1.08153,9998.94063,10000.022159999999,-1.1799972465809105e-07
2023-01-16 15:00:00,1.0,1.08159,9998.94063,10000.022219999999,5.999986729676721e-09
2023-01-16 16:00:00,1.0,1.0822,9998.94063,10000.02283,6.099986449292771e-08
2023-01-16 17:00:00,1.0,1.08252,9998.94063,10000.023149999999,3.199992693048159e-08
2023-01-16 18:00:00,1.0,1.08248,9998.94063,10000.023109999998,-3.999990783043472e-09
2023-01-16 19:00:00,1.0,1.08139,9998.94063,10000.022019999999,-1.0899974811628965e-07
2023-01-16 20:00:00,1.0,1.08129,9998.94063,10000.02192,-9.999977956809403e-09
2023-01-16 21:00:00,1.0,1.08194,9998.94063,10000.02257,6.499985749641723e-08
2023-01-16 22:00:00,1.0,1.08203,9998.94063,10000.022659999999,8.999979650425871e-09
2023-01-16 23:00:00,1.0,1.0821,9998.94063,10000.022729999999,6.9999841478818325e-09
2023-01-17 00:00:00,1.0,1.08219,9998.94063,10000.022819999998,8.999979428381266e-09
2023-01-17 01:00:00,1.0,1.08297,9998.94063,10000.023599999999,7.799982193468225e-08
2023-01-17 02:00:00,1.0,1.08287,9998.94063,10000.0235,-9.999976291474866e-09
2023-01-17 03:00:00,1.0,1.08171,9998.94063,10000.02234,-1.1599972737919018e-07
2023-01-17 04:00:00,1.0,1.08143,9998.94063,10000.02206,-2.799993747970575e-08
2023-01-17 05:00:00,1.0,1.08251,9998.94063,10000.02314,1.0799976180031479e-07
2023-01-17 06:00:00,1.0,1.0826,9998.94063,10000.023229999999,8.999979206336661e-09
2023-01-17 07:00:00,1.0,1.08311,9998.94063,10000.023739999999,5.09998814290924e-08
2023-01-17 08:00:00,1.0,1.08146,9998.94063,10000.022089999999,-1.6499960830973492e-07
2023-01-17 09:00:00,1.0,1.08282,9998.94063,10000.023449999999,1.3599969950206514e-07
2023-01-17 10:00:00,1.0,1.08274,9998.94063,10000.023369999999,-7.999981233020037e-09
2023-01-17 11:00:00,1.0,1.08172,9998.94063,10000.02235,-1.0199976163693947e-07
2023-01-17 12:00:00,1.0,1.08217,9998.94063,10000.022799999999,4.499989936235238e-08
2023-01-17 13:00:00,1.0,1.08322,9998.94063,10000.02385,1.0499976066391525e-07
2023-01-17 14:00:00,1.0,1.08529,9998.94063,10000.02592,2.0699950642466547e-07
2023-01-17 15:00:00,1.0,1.08426,9998.94063,10000.024889999999,-1.029997331869481e-07
2023-01-17 16:00:00,1.0,1.08628,9998.94063,10000.026909999999,2.0199949712917942e-07
2023-01-17 17:00:00,1.0,1.08017,9998.94063,10000.020799999998,-6.109983557989196e-07
2023-01-17 18:00:00,1.0,1.07925,9998.94063,10000.01988,-9.199980854912582e-08
2023-01-17 19:00:00,1.0,1.07822,9998.94063,10000.018849999999,-1.0299979535943748e-07
2023-01-17 20:00:00,1.0,1.07953,9998.94063,10000.02016,1.309997532672469e-07
2023-01-17 21:00:00,1.0,1.07935,9998.94063,10000.01998,-1.7999963852766143e-08
2023-01-17 22:00:00,1.0,1.07937,9998.94063,10000.019999999999,1.9999959466332484e-09
2023-01-17 23:00:00,1.0,1.07876,9998.94063,10000.01939,-6.099987792662631e-08
2023-01-18 00:00:00,1.0,1.079,9998.94063,10000.019629999999,2.3999953358000425e-08
2023-01-18 01:00:00,1.0,1.07895,9998.94063,10000.019579999998,-4.9999901996500284e-09
2023-01-18 02:00:00,1.0,1.07843,9998.94063,10000.019059999999,-5.199989816517814e-08
2023-01-18 03:00:00,1.0,1.07962,9998.94063,10000.02025,1.189997733685999e-07
2023-01-18 04:00:00,1.0,1.0787,9998.94063,10000.01933,-9.199981376717403e-08
2023-01-18 05:00:00,1.0,1.07731,9998.94063,10000.01794,-1.3899973128062015e-07
2023-01-18 06:00:00,1.0,1.07745,9998.94063,10000.01808,1.3999974957101813e-08
2023-01-18 07:00:00,1.0,1.07797,9998.94063,10000.0186,5.199990593673931e-08
2023-01-18 08:00:00,1.0,1.07895,9998.94063,10000.019579999998,9.799981759428533e-08
2023-01-18 09:00:00,1.0,1.08256,9998.94063,10000.02319,3.609992933473194e-07
2023-01-18 10:00:00,1.0,1.08434,9998.94063,10000.024969999999,1.7799958706987695e-07
2023-01-18 11:00:00,1.0,1.08699,9998.94063,10000.027619999999,2.6499933825085975e-07
2023-01-18 12:00:00,1.0,1.08527,9998.94063,10000.025899999999,-1.7199952495605686e-07
2023-01-18 13:00:00,1.0,1.08152,9998.94063,10000.022149999999,-3.749990287182925e-07
2023-01-18 14:00:00,1.0,1.0824,9998.94063,10000.023029999998,8.799980499851756e-08
2023-01-18 15:00:00,1.0,1.08583,9998.94063,10000.02646,3.429992101455781e-07
2023-01-18 16:00:00,1.0,1.08639,9998.94063,10000.02702,5.599985186677259e-08
2023-01-18 17:00:00,1.0,1.08334,9998.94063,10000.023969999998,-3.049991760262216e-07
2023-01-18 18:00:00,1.0,1.08269,9998.94063,10000.023319999998,-6.499984417374094e-08
2023-01-18 19:00:00,1.0,1.07959,9998.94063,10000.020219999999,-3.099992770261295e-07
2023-01-18 20:00:00,1.0,1.07966,9998.94063,10000.020289999999,6.999985924238672e-09
2023-01-18 21:00:00,1.0,1.07952,9998.94063,10000.020149999998,-1.3999971626432739e-08
2023-01-18 22:00:00,1.0,1.07893,9998.94063,10000.019559999999,-5.899988109181464e-08
2023-01-18 23:00:00,1.0,1.07936,9998.94063,10000.019989999999,4.299991585021701e-08
2023-01-19 00:00:00,1.0,1.07903,9998.94063,10000.01966,-3.2999933896604716e-08
2023-01-19 01:00:00,1.0,1.07971,9998.94063,10000.02034,6.799986618233334e-08
2023-01-19 02:00:00,1.0,1.07875,9998.94063,10000.01938,-9.599980466123981e-08
2023-01-19 03:00:00,1.0,1.07876,9998.94063,10000.01939,9.999980843389267e-10
2023-01-19 04:00:00,1.0,1.07935,9998.94063,10000.01998,5.8999885643729044e-08
2023-01-19 05:00:00,1.0,1.08006,9998.94063,10000.02069,7.099985821490407e-08
2023-01-19 06:00:00,1.0,1.07955,9998.94063,10000.02018,-5.0999894418701786e-08
2023-01-19 07:00:00,1.0,1.07916,9998.94063,10000.019789999998,-3.8999921403437554e-08
2023-01-19 08:00:00,1.0,1.07911,9998.94063,10000.01974,-4.9999899776054235e-09
2023-01-19 09:00:00,1.0,1.08081,9998.94063,10000.021439999999,1.699996643456103e-07
2023-01-19 10:00:00,1.0,1.0817,9998.94063,10000.02233,8.899980930010543e-08
2023-01-19 11:00:00,1.0,1.08249,9998.94063,10000.02312,7.899982357173485e-08
2023-01-19 12:00:00,1.0,1.08292,9998.94063,10000.02355,4.299990052913927e-08
2023-01-19 13:00:00,1.0,1.08219,9998.94063,10000.022819999998,-7.299982829334084e-08
2023-01-19 14:00:00,1.0,1.0809,9998.94063,10000.02153,-1.289997054731984e-07
2023-01-19 15:00:00,1.0,1.08096,9998.94063,10000.021589999998,5.9999869517213256e-09
2023-01-19 16:00:00,1.0,1.08104,9998.94063,10000.021669999998,7.999982676309969e-09
2023-01-19 17:00:00,1.0,1.07892,9998.94063,10000.019549999999,-2.1199954047812497e-07
2023-01-19 18:00:00,1.0,1.08092,9998.94063,10000.02155,1.9999960909622416e-07
2023-01-19 19:00:00,1.0,1.08165,9998.94063,10000.02228,7.299984261521786e-08
2023-01-19 20:00:00,1.0,1.08285,9998.94063,10000.02348,1.1999973259513297e-07
2023-01-19 21:00:00,1.0,1.08306,9998.94063,10000.02369,2.0999950667288658e-08
2023-01-19 22:00:00,1.0,1.08292,9998.94063,10000.02355,-1.3999966852473733e-08
2023-01-19 23:00:00,1.0,1.08294,9998.94063,10000.02357,1.9999952804994336e-09
2023-01-20 00:00:00,1.0,1.08292,9998.94063,10000.02355,-1.9999952804994336e-09
2023-01-20 01:00:00,1.0,1.08332,9998.94063,10000.023949999999,3.999990560998867e-08
2023-01-20 02:00:00,1.0,1.08311,9998.94063,10000.023739999999,-2.0999949668087936e-08
2023-01-20 03:00:00,1.0,1.08362,9998.94063,10000.024249999999,5.099987898660174e-08
2023-01-20 04:00:00,1.0,1.08365,9998.94063,10000.02428,2.9999929207491505e-09
2023-01-20 05:00:00,1.0,1.08343,9998.94063,10000.02406,-2.1999946531181536e-08
2023-01-20 06:00:00,1.0,1.08297,9998.94063,10000.023599999999,-4.599988945308553e-08
2023-01-20 07:00:00,1.0,1.08353,9998.94063,10000.024159999999,5.599986785398414e-08
2023-01-20 08:00:00,1.0,1.08244,9998.94063,10000.02307,-1.089997366809925e-07
2023-01-20 09:00:00,1.0,1.084,9998.94063,10000.02463,1.559996400946062e-07
2023-01-20 10:00:00,1.0,1.08407,9998.94063,10000.0247,6.999982815614203e-09
2023-01-20 11:00:00,1.0,1.0831,9998.94063,10000.023729999999,-9.69997605571038e-08
2023-01-20 12:00:00,1.0,1.08388,9998.94063,10000.02451,7.799981482925489e-08
2023-01-20 13:00:00,1.0,1.08251,9998.94063,10000.02314,-1.3699966416869103e-07
2023-01-20 14:00:00,1.0,1.08185,9998.94063,10000.02248,-6.599984725408348e-08
2023-01-20 15:00:00,1.0,1.08065,9998.94063,10000.021279999999,-1.1999973026366462e-07
2023-01-20 16:00:00,1.0,1.08215,9998.94063,10000.02278,1.499996808984605e-07
2023-01-20 17:00:00,1.0,1.0831,9998.94063,10000.023729999999,9.499978359528427e-08
2023-01-20 18:00:00,1.0,1.08306,9998.94063,10000.02369,-3.999990449976565e-09
2023-01-20 19:00:00,1.0,1.08438,9998.94063,10000.02501,1.31999687180695e-07
2023-01-20 20:00:00,1.0,1.08475,9998.94063,10000.02538,3.6999907360169004e-08
2023-01-20 21:00:00,1.0,1.0854,9998.94063,10000.026029999999,6.499983506991214e-08
2023-01-20 22:00:00,1.0,1.08565,9998.94063,10000.02628,2.4999935011038588e-08
2023-01-20 23:00:00,1.0,1.08557,9998.94063,10000.026199999998,-7.99997912359629e-09
2023-01-23 00:00:00,1.0,1.0865,9998.94063,10000.027129999999,9.299975634036173e-08
2023-01-23 01:00:00,1.0,1.0864,9998.94063,10000.02703,-9.99997284978349e-09
2023-01-23 02:00:00,1.0,1.08849,9998.94063,10000.02912,2.0899943509178343e-07
2023-01-23 03:00:00,1.0,1.08949,9998.94063,10000.03012,9.999970873586506e-08
2023-01-23 04:00:00,1.0,1.08925,9998.94063,10000.02988,-2.3999927600826254e-08
2023-01-23 05:00:00,1.0,1.08985,9998.94063,10000.03048,5.999982066740017e-08
2023-01-23 06:00:00,1.0,1.08948,9998.94063,10000.03011,-3.6999887154109956e-08
2023-01-23 07:00:00,1.0,1.08922,9998.94063,10000.029849999999,-2.5999921771102663e-08
2023-01-23 08:00:00,1.0,1.09007,9998.94063,10000.0307,8.499974635256535e-08
2023-01-23 09:00:00,1.0,1.09144,9998.94063,10000.03207,1.3699957945867425e-07
2023-01-23 10:00:00,1.0,1.08999,9998.94063,10000.03062,-1.4499953493452011e-07
2023-01-23 11:00:00,1.0,1.09118,9998.94063,10000.031809999999,1.1899963547890025e-07
2023-01-23 12:00:00,1.0,1.08992,9998.94063,10000.03055,-1.2599959908765612e-07
2023-01-23 13:00:00,1.0,1.08815,9998.94063,10000.028779999999,-1.7699945931148875e-07
2023-01-23 14:00:00,1.0,1.08711,9998.94063,10000.02774,-1.0399970062913155e-07
2023-01-23 15:00:00,1.0,1.08589,9998.94063,10000.02652,-1.2199966159531783e-07
2023-01-23 16:00:00,1.0,1.08619,9998.94063,10000.02682,2.999992032570731e-08
2023-01-23 17:00:00,1.0,1.08645,9998.94063,10000.02708,2.5999930430842255e-08
2023-01-23 18:00:00,1.0,1.0864,9998.94063,10000.02703,-4.999986535914047e-09
2023-01-23 19:00:00,1.0,1.08624,9998.94063,10000.02687,-1.5999956692880346e-08
2023-01-23 20:00:00,1.0,1.08664,9998.94063,10000.027269999999,3.999989250935698e-08
2023-01-23 21:00:00,1.0,1.08591,9998.94063,10000.026539999999,-7.299980087083213e-08
2023-01-23 22:00:00,1.0,1.08683,9998.94063,10000.02746,9.199975581353215e-08
2023-01-23 23:00:00,1.0,1.08715,9998.94063,10000.027779999999,3.199991205349306e-08
2023-01-24 00:00:00,1.0,1.08691,9998.94063,10000.02754,-2.399993326296368e-08
2023-01-24 01:00:00,1.0,1.08711,9998.94063,10000.02774,1.9999945033433164e-08
2023-01-24 02:00:00,1.0,1.08736,9998.94063,10000.027989999999,2.499993057014649e-08
2023-01-24 03:00:00,1.0,1.08809,9998.94063,10000.028719999998,7.299979554176161e-08
2023-01-24 04:00:00,1.0,1.08791,9998.94063,10000.02854,-1.7999948198621496e-08
2023-01-24 05:00:00,1.0,1.08746,9998.94063,10000.02809,-4.499987149575446e-08
2023-01-24 06:00:00,1.0,1.08764,9998.94063,10000.028269999999,1.799994930884452e-08
2023-01-24 07:00:00,1.0,1.08784,9998.94063,10000.02847,1.999994347912093e-08
2023-01-24 08:00:00,1.0,1.08879,9998.94063,10000.029419999999,9.499972941640067e-08
2023-01-24 09:00:00,1.0,1.08888,9998.94063,10000.029509999998,8.999973433176933e-09
2023-01-24 10:00:00,1.0,1.08749,9998.94063,10000.028119999999,-1.3899958972718451e-07
2023-01-24 11:00:00,1.0,1.08609,9998.94063,10000.02672,-1.3999960624122565e-07
2023-01-24 12:00:00,1.0,1.0864,9998.94063,10000.02703,3.0999917077778605e-08
2023-01-24 13:00:00,1.0,1.08667,9998.94063,10000.0273,2.6999926960868947e-08
2023-01-24 14:00:00,1.0,1.08597,9998.94063,10000.0266,-6.99998089492837e-08
2023-01-24 15:00:00,1.0,1.0866,9998.94063,10000.02723,6.299983246194074e-08
2023-01-24 16:00:00,1.0,1.08423,9998.94063,10000.02486,-2.3699935469689848e-07
2023-01-24 17:00:00,1.0,1.08753,9998.94063,10000.02816,3.2999917976006543e-07
2023-01-24 18:00:00,1.0,1.08718,9998.94063,10000.02781,-3.4999901421528534e-08
2023-01-24 19:00:00,1.0,1.08833,9998.94063,10000.02896,1.1499968022299356e-07
2023-01-24 20:00:00,1.0,1.08791,9998.94063,10000.02854,-4.199987835296071e-08
2023-01-24 21:00:00,1.0,1.08839,9998.94063,10000.02902,4.799986297321368e-08
2023-01-24 22:00:00,1.0,1.08816,9998.94063,10000.028789999998,-2.2999933402267914e-08
2023-01-24 23:00:00,1.0,1.08879,9998.94063,10000.029419999999,6.299981869517524e-08
2023-01-25 00:00:00,1.0,1.08848,9998.94063,10000.02911,-3.099990875110592e-08
2023-01-25 01:00:00,1.0,1.08899,9998.94063,10000.02962,5.099985145307073e-08
2023-01-25 02:00:00,1.0,1.08871,9998.94063,10000.02934,-2.7999917051602097e-08
2023-01-25 03:00:00,1.0,1.0893,9998.94063,10000.029929999999,5.899982680190874e-08
2023-01-25 04:00:00,1.0,1.08966,9998.94063,10000.030289999999,3.59998921783955e-08
2023-01-25 05:00:00,1.0,1.08972,9998.94063,10000.030349999999,5.999981844695412e-09
2023-01-25 06:00:00,1.0,1.08987,9998.94063,10000.030499999999,1.4999954389693926e-08
2023-01-25 07:00:00,1.0,1.08976,9998.94063,10000.03039,-1.0999966382208015e-08
2023-01-25 08:00:00,1.0,1.09063,9998.94063,10000.03126,8.699973563786045e-08
2023-01-25 09:00:00,1.0,1.08811,9998.94063,10000.02874,-2.5199921227514466e-07
2023-01-25 10:00:00,1.0,1.0877,9998.94063,10000.02833,-4.0999882267023224e-08
2023-01-25 11:00:00,1.0,1.08813,9998.94063,10000.02876,4.299987810263417e-08
2023-01-25 12:00:00,1.0,1.08659,9998.94063,10000.02722,-1.5399955699546553e-07
2023-01-25 13:00:00,1.0,1.08645,9998.94063,10000.02708,-1.3999961856470122e-08
2023-01-25 14:00:00,1.0,1.08742,9998.94063,10000.028049999999,9.699973713139798e-08
2023-01-25 15:00:00,1.0,1.08721,9998.94063,10000.027839999999,-2.0999941119370646e-08
2023-01-25 16:00:00,1.0,1.0894,9998.94063,10000.03003,2.1899939040004313e-07
2023-01-25 17:00:00,1.0,1.09024,9998.94063,10000.030869999999,8.399974760209261e-08
2023-01-25 18:00:00,1.0,1.09004,9998.94063,10000.030669999998,-1.9999938261072714e-08
2023-01-25 19:00:00,1.0,1.08993,9998.94063,10000.03056,-1.099996616016341e-08
2023-01-25 20:00:00,1.0,1.09093,9998.94063,10000.03156,9.999969452501034e-08
2023-01-25 21:00:00,1.0,1.09147,9998.94063,10000.032099999999,5.399982949683135e-08
2023-01-25 22:00:00,1.0,1.09146,9998.94063,10000.032089999999,-9.999967520712971e-10
2023-01-25 23:00:00,1.0,1.09147,9998.94063,10000.032099999999,9.999967520712971e-10
2023-01-26 00:00:00,1.0,1.09124,9998.94063,10000.031869999999,-2.2999926185818254e-08
2023-01-26 01:00:00,1.0,1.09207,9998.94063,10000.0327,8.299973552894357e-08
2023-01-26 02:00:00,1.0,1.09156,9998.94063,10000.03219,-5.099983324541313e-08
2023-01-26 03:00:00,1.0,1.09192,9998.94063,10000.03255,3.599988418478972e-08
2023-01-26 04:00:00,1.0,1.09153,9998.94063,10000.032159999999,-3.899987310873598e-08
2023-01-26 05:00:00,1.0,1.09131,9998.94063,10000.031939999999,-2.199992921170235e-08
2023-01-26 06:00:00,1.0,1.09146,9998.94063,10000.032089999999,1.4999952169247877e-08
2023-01-26 07:00:00,1.0,1.09188,9998.94063,10000.03251,4.199986536335132e-08
2023-01-26 08:00:00,1.0,1.09204,9998.94063,10000.032669999999,1.5999948033140754e-08
2023-01-26 09:00:00,1.0,1.09195,9998.94063,10000.03258,-8.99997054659707e-09
2023-01-26 10:00:00,1.0,1.09091,9998.94063,10000.03154,-1.0399966110519188e-07
2023-01-26 11:00:00,1.0,1.08957,9998.94063,10000.0302,-1.339995774340963e-07
2023-01-26 12:00:00,1.0,1.09068,9998.94063,10000.031309999998,1.1099966479299894e-07
2023-01-26 13:00:00,1.0,1.09031,9998.94063,10000.030939999999,-3.699988415650779e-08
2023-01-26 14:00:00,1.0,1.0893,9998.94063,10000.029929999999,-1.0099968750232335e-07
2023-01-26 15:00:00,1.0,1.09027,9998.94063,10000.0309,9.699970981991157e-08
2023-01-26 16:00:00,1.0,1.08868,9998.94063,10000.02931,-1.589995086703766e-07
2023-01-26 17:00:00,1.0,1.08552,9998.94063,10000.02615,-3.159990737966467e-07
2023-01-26 18:00:00,1.0,1.08647,9998.94063,10000.0271,9.499975162086116e-08
2023-01-26 19:00:00,1.0,1.08647,9998.94063,10000.0271,0.0
2023-01-26 20:00:00,1.0,1.08863,9998.94063,10000.02926,2.1599941457672855e-07
2023-01-26 21:00:00,1.0,1.08893,9998.94063,10000.029559999999,2.9999912110056925e-08
2023-01-26 22:00:00,1.0,1.08922,9998.94063,10000.029849999999,2.8999914247762604e-08
2023-01-26 23:00:00,1.0,1.08917,9998.94063,10000.029799999998,-4.999985092624115e-09
2023-01-27 00:00:00,1.0,1.08894,9998.94063,10000.029569999999,-2.299993140386647e-08
2023-01-27 01:00:00,1.0,1.08932,9998.94063,10000.029949999998,3.799988768093954e-08
2023-01-27 02:00:00,1.0,1.08964,9998.94063,10000.03027,3.199990428193189e-08
2023-01-27 03:00:00,1.0,1.08895,9998.94063,10000.029579999999,-6.899979121399724e-08
2023-01-27 04:00:00,1.0,1.08794,9998.94063,10000.028569999999,-1.0099970126908886e-07
2023-01-27 05:00:00,1.0,1.08736,9998.94063,10000.027989999999,-5.7999834268684936e-08
2023-01-27 06:00:00,1.0,1.08662,9998.94063,10000.02725,-7.399979284894442e-08
2023-01-27 07:00:00,1.0,1.08739,9998.94063,10000.02802,7.699979032160797e-08
2023-01-27 08:00:00,1.0,1.08699,9998.94063,10000.027619999999,-3.999988795744258e-08
2023-01-27 09:00:00,1.0,1.08737,9998.94063,10000.027999999998,3.79998950084115e-08
2023-01-27 10:00:00,1.0,1.08906,9998.94063,10000.02969,1.689995268172595e-07
2023-01-27 11:00:00,1.0,1.08839,9998.94063,10000.02902,-6.699980104052372e-08
2023-01-27 12:00:00,1.0,1.08893,9998.94063,10000.029559999999,5.399984326359686e-08
2023-01-27 13:00:00,1.0,1.08791,9998.94063,10000.02854,-1.0199969846524937e-07
2023-01-27 14:00:00,1.0,1.08669,9998.94063,10000.02732,-1.2199965182535522e-07
2023-01-27 15:00:00,1.0,1.08624,9998.94063,10000.02687,-4.4999877046869585e-08
2023-01-27 16:00:00,1.0,1.08652,9998.94063,10000.02715,2.799992482316327e-08
2023-01-27 17:00:00,1.0,1.08385,9998.94063,10000.02448,-2.669992751336281e-07
2023-01-27 18:00:00,1.0,1.08565,9998.94063,10000.02628,1.7999955925773747e-07
2023-01-27 19:00:00,1.0,1.08666,9998.94063,10000.02729,1.009997345757796e-07
2023-01-27 20:00:00,1.0,1.0866,9998.94063,10000.02723,-5.999983621052252e-09
2023-01-27 21:00:00,1.0,1.08687,9998.94063,10000.027499999998,2.6999926294735133e-08
2023-01-27 22:00:00,1.0,1.08653,9998.94063,10000.02716,-3.3999906334791774e-08
2023-01-27 23:00:00,1.0,1.08673,9998.94063,10000.02736,1.999994569956698e-08
2023-01-30 00:00:00,1.0,1.08641,9998.94063,10000.027039999999,-3.199991249758227e-08
2023-01-30 01:00:00,1.0,1.08719,9998.94063,10000.02782,7.799978907208072e-08
2023-01-30 02:00:00,1.0,1.08745,9998.94063,10000.02808,2.5999927766306996e-08
2023-01-30 03:00:00,1.0,1.08736,9998.94063,10000.027989999999,-8.999974876466865e-09
2023-01-30 04:00:00,1.0,1.08692,9998.94063,10000.027549999999,-4.399987685310691e-08
2023-01-30 05:00:00,1.0,1.08686,9998.94063,10000.027489999999,-5.999983510029949e-09
2023-01-30 06:00:00,1.0,1.08764,9998.94063,10000.028269999999,7.799978551936704e-08
2023-01-30 07:00:00,1.0,1.08693,9998.94063,10000.027559999999,-7.099979926206146e-08
2023-01-30 08:00:00,1.0,1.08621,9998.94063,10000.026839999999,-7.199980156524788e-08
2023-01-30 09:00:00,1.0,1.08598,9998.94063,10000.026609999999,-2.2999938287249222e-08
2023-01-30 10:00:00,1.0,1.08815,9998.94063,10000.028779999999,2.169994224310301e-07
2023-01-30 11:00:00,1.0,1.09019,9998.94063,10000.03082,2.039994129177103e-07
2023-01-30 12:00:00,1.0,1.09108,9998.94063,10000.03171,8.899972558928937e-08
2023-01-30 13:00:00,1.0,1.08964,9998.94063,10000.03027,-1.4399954340049703e-07
2023-01-30 14:00:00,1.0,1.09039,9998.94063,10000.031019999999,7.499977283664805e-08
2023-01-30 15:00:00,1.0,1.08862,9998.94063,10000.02925,-1.7699945087379376e-07
2023-01-30 16:00:00,1.0,1.08915,9998.94063,10000.029779999999,5.299984495721333e-08
2023-01-30 17:00:00,1.0,1.08708,9998.94063,10000.027709999998,-2.0699938363399895e-07
2023-01-30 18:00:00,1.0,1.08659,9998.94063,10000.02722,-4.8999864055154774e-08
2023-01-30 19:00:00,1.0,1.08578,9998.94063,10000.026409999999,-8.099977966136152e-08
2023-01-30 20:00:00,1.0,1.08545,9998.94063,10000.02608,-3.2999912691344946e-08
2023-01-30 21:00:00,1.0,1.08462,9998.94063,10000.025249999999,-8.299978360160054e-08
2023-01-30 22:00:00,1.0,1.08459,9998.94063,10000.02522,-2.999992365637638e-09
2023-01-30 23:00:00,1.0,1.085,9998.94063,10000.025629999998,4.099989636685564e-08
2023-01-31 00:00:00,1.0,1.08503,9998.94063,10000.02566,2.9999924766599406e-09
2023-01-31 01:00:00,1.0,1.08496,9998.94063,10000.02559,-6.999982038458086e-09
2023-01-31 02:00:00,1.0,1.08539,9998.94063,10000.02602,4.299988987099823e-08
2023-01-31 03:00:00,1.0,1.08576,9998.94063,10000.026389999999,3.6999903807455325e-08
2023-01-31 04:00:00,1.0,1.08519,9998.94063,10000.025819999999,-5.699984961804461e-08
2023-01-31 05:00:00,1.0,1.08446,9998.94063,10000.02509,-7.299981152897317e-08
2023-01-31 06:00:00,1.0,1.0846,9998.94063,10000.02523,1.3999964965094591e-08
2023-01-31 07:00:00,1.0,1.08347,9998.94063,10000.024099999999,-1.1299971491851579e-07
2023-01-31 08:00:00,1.0,1.08395,9998.94063,10000.02458,4.7999884289495753e-08
2023-01-31 09:00:00,1.0,1.08442,9998.94063,10000.025049999998,4.699988442879999e-08
2023-01-31 10:00:00,1.0,1.08036,9998.94063,10000.020989999999,-4.059989828775201e-07
2023-01-31 11:00:00,1.0,1.08296,9998.94063,10000.023589999999,2.599994541885309e-07
2023-01-31 12:00:00,1.0,1.0823,9998.94063,10000.02293,-6.599984425648131e-08
2023-01-31 13:00:00,1.0,1.08359,9998.94063,10000.02422,1.2899970425195306e-07
2023-01-31 14:00:00,1.0,1.08262,9998.94063,10000.023249999998,-9.69997651090182e-08
2023-01-31 15:00:00,1.0,1.08512,9998.94063,10000.025749999999,2.499994187221688e-07
2023-01-31 16:00:00,1.0,1.08479,9998.94063,10000.02542,-3.2999914911790995e-08
2023-01-31 17:00:00,1.0,1.08597,9998.94063,10000.0266,1.1799970001113991e-07
2023-01-31 18:00:00,1.0,1.08571,9998.94063,10000.026339999999,-2.5999930874931465e-08
2023-01-31 19:00:00,1.0,1.08652,9998.94063,10000.02715,8.099978687781118e-08
2023-01-31 20:00:00,1.0,1.08724,9998.94063,10000.02787,7.199980456285004e-08
2023-01-31 21:00:00,1.0,1.08642,9998.94063,10000.027049999999,-8.19997715284515e-08
2023-01-31 22:00:00,1.0,1.08721,9998.94063,10000.027839999999,7.899978626824122e-08
2023-01-31 23:00:00,1.0,1.08614,9998.94063,10000.026769999999,-1.0699970209859799e-07
2023-02-01 00:00:00,1.0,1.08606,9998.94063,10000.026689999999,-7.999978568484778e-09
2023-02-01 01:00:00,1.0,1.08604,9998.94063,10000.02667,-1.999994614365619e-09
2023-02-01 02:00:00,1.0,1.08624,9998.94063,10000.02687,1.9999946809790003e-08
2023-02-01 03:00:00,1.0,1.08573,9998.94063,10000.02636,-5.099986299939019e-08
2023-02-01 04:00:00,1.0,1.08538,9998.94063,10000.02601,-3.4999907749799775e-08
2023-02-01 05:00:00,1.0,1.08628,9998.94063,10000.026909999999,8.999976586210323e-08
2023-02-01 06:00:00,1.0,1.08658,9998.94063,10000.027209999998,2.999991921548428e-08
2023-02-01 07:00:00,1.0,1.08717,9998.94063,10000.0278,5.8999839680495825e-08
2023-02-01 08:00:00,1.0,1.08697,9998.94063,10000.0276,-1.9999944478321652e-08
2023-02-01 09:00:00,1.0,1.08802,9998.94063,10000.028649999998,1.0499971003774533e-07
2023-02-01 10:00:00,1.0,1.08875,9998.94063,10000.02938,7.299979110086952e-08
2023-02-01 11:00:00,1.0,1.08833,9998.94063,10000.02896,-4.199987668762617e-08
2023-02-01 12:00:00,1.0,1.08922,9998.94063,10000.029849999999,8.899974224263474e-08
2023-02-01 13:00:00,1.0,1.08926,9998.94063,10000.02989,3.999988118508213e-09
2023-02-01 14:00:00,1.0,1.08914,9998.94063,10000.02977,-1.1999964244502337e-08
2023-02-01 15:00:00,1.0,1.09042,9998.94063,10000.03105,1.279996189040844e-07
2023-02-01 16:00:00,1.0,1.0904,9998.94063,10000.031029999998,-1.999993948231804e-09
2023-02-01 17:00:00,1.0,1.09197,9998.94063,10000.032599999999,1.5699951294578796e-07
2023-02-01 18:00:00,1.0,1.09166,9998.94063,10000.03229,-3.0999898870121e-08
2023-02-01 19:00:00,1.0,1.09079,9998.94063,10000.03142,-8.699971909553739e-08
2023-02-01 20:00:00,1.0,1.09162,9998.94063,10000.032249999998,8.299973908165725e-08
2023-02-01 21:00:00,1.0,1.09779,9998.94063,10000.038419999999,6.16998010238845e-07
2023-02-01 22:00:00,1.0,1.09883,9998.94063,10000.03946,1.0399960048701473e-07
2023-02-01 23:00:00,1.0,1.09886,9998.94063,10000.03949,2.999988035767842e-09
2023-02-02 00:00:00,1.0,1.09865,9998.94063,10000.039279999999,-2.0999917138553315e-08
2023-02-02 01:00:00,1.0,1.10127,9998.94063,10000.041899999998,2.619989707408621e-07
2023-02-02 02:00:00,1.0,1.10188,9998.94063,10000.04251,6.099974458884105e-08
2023-02-02 03:00:00,1.0,1.10134,9998.94063,10000.041969999998,-5.3999770543988745e-08
2023-02-02 04:00:00,1.0,1.10188,9998.94063,10000.04251,5.399977354159091e-08
2023-02-02 05:00:00,1.0,1.10176,9998.94063,10000.042389999999,-1.19999490344469e-08
2023-02-02 06:00:00,1.0,1.10198,9998.94063,10000.042609999999,2.1999906785197254e-08
2023-02-02 07:00:00,1.0,1.10202,9998.94063,10000.04265,3.9999830114823e-09
2023-02-02 08:00:00,1.0,1.10052,9998.94063,10000.04115,-1.4999936026605099e-07
2023-02-02 09:00:00,1.0,1.09936,9998.94063,10000.03999,-1.1599952265406444e-07
2023-02-02 10:00:00,1.0,1.10052,9998.94063,10000.04115,1.1599953619878534e-07
2023-02-02 11:00:00,1.0,1.09987,9998.94063,10000.0405,-6.499973248530466e-08
2023-02-02 12:00:00,1.0,1.0983,9998.94063,10000.038929999999,-1.5699936417590266e-07
2023-02-02 13:00:00,1.0,1.09993,9998.94063,10000.04056,1.629993655605233e-07
2023-02-02 14:00:00,1.0,1.09842,9998.94063,10000.03905,-1.5099938754925546e-07
2023-02-02 15:00:00,1.0,1.09452,9998.94063,10000.03515,-3.899984770683318e-07
2023-02-02 16:00:00,1.0,1.09052,9998.94063,10000.031149999999,-3.999985941360862e-07
2023-02-02 17:00:00,1.0,1.09369,9998.94063,10000.034319999999,3.169990125950761e-07
2023-02-02 18:00:00,1.0,1.0917,9998.94063,10000.03233,-1.98999316913806e-07
2023-02-02 19:00:00,1.0,1.09084,9998.94063,10000.03147,-8.599972201039918e-08
2023-02-02 20:00:00,1.0,1.09193,9998.94063,10000.03256,1.0899965685595703e-07
2023-02-02 21:00:00,1.0,1.0908,9998.94063,10000.03143,-1.1299963209587816e-07
2023-02-02 22:00:00,1.0,1.09139,9998.94063,10000.032019999999,5.899981458945547e-08
2023-02-02 23:00:00,1.0,1.09099,9998.94063,10000.03162,-3.9999871859208724e-08
2023-02-03 00:00:00,1.0,1.09072,9998.94063,10000.03135,-2.6999914637393374e-08
2023-02-03 01:00:00,1.0,1.09047,9998.94063,10000.031099999998,-2.4999921688362292e-08
2023-02-03 02:00:00,1.0,1.08974,9998.94063,10000.030369999999,-7.299977289321191e-08
2023-02-03 03:00:00,1.0,1.08937,9998.94063,10000.029999999999,-3.6999887598199166e-08
2023-02-03 04:00:00,1.0,1.08896,9998.94063,10000.029589999998,-4.099987704897501e-08
2023-02-03 05:00:00,1.0,1.08939,9998.94063,10000.030019999998,4.299987277356365e-08
2023-02-03 06:00:00,1.0,1.08931,9998.94063,10000.029939999999,-7.999976014971821e-09
2023-02-03 07:00:00,1.0,1.08937,9998.94063,10000.029999999999,5.999982066740017e-09
2023-02-03 08:00:00,1.0,1.08984,9998.94063,10000.03047,4.6999859115715026e-08
2023-02-03 09:00:00,1.0,1.08995,9998.94063,10000.030579999999,1.0999966493230318e-08
2023-02-03 10:00:00,1.0,1.09035,9998.94063,10000.03098,3.999987785441306e-08
2023-02-03 11:00:00,1.0,1.09301,9998.94063,10000.03364,2.659991760189939e-07
2023-02-03 12:00:00,1.0,1.09351,9998.94063,10000.03414,4.999983183040513e-08
2023-02-03 13:00:00,1.0,1.09292,9998.94063,10000.033549999998,-5.8999798713266216e-08
2023-02-03 14:00:00,1.0,1.09328,9998.94063,10000.033909999998,3.599987929980841e-08
2023-02-03 15:00:00,1.0,1.08399,9998.94063,10000.024619999998,-9.28996849780539e-07
2023-02-03 16:00:00,1.0,1.08635,9998.94063,10000.026979999999,2.3599941911811584e-07
2023-02-03 17:00:00,1.0,1.08584,9998.94063,10000.026469999999,-5.0999862333256374e-08
2023-02-03 18:00:00,1.0,1.08252,9998.94063,10000.023149999999,-3.3199912119474817e-07
2023-02-03 19:00:00,1.0,1.08247,9998.94063,10000.023099999999,-4.9999885343154915e-09
2023-02-03 20:00:00,1.0,1.08119,9998.94063,10000.02182,-1.279997041692127e-07
2023-02-03 21:00:00,1.0,1.08047,9998.94063,10000.0211,-7.19998428655444e-08
2023-02-03 22:00:00,1.0,1.07934,9998.94063,10000.01997,-1.1299976165890513e-07
2023-02-03 23:00:00,1.0,1.07932,9998.94063,10000.01995,-1.9999959466332484e-09
2023-02-06 00:00:00,1.0,1.07904,9998.94063,10000.01967,-2.7999944141043898e-08
2023-02-06 01:00:00,1.0,1.07895,9998.94063,10000.019579999998,-8.999982425983433e-09
2023-02-06 02:00:00,1.0,1.07887,9998.94063,10000.019499999999,-7.999984341644506e-09
2023-02-06 03:00:00,1.0,1.07851,9998.94063,10000.019139999999,-3.599992981495603e-08
2023-02-06 04:00:00,1.0,1.07906,9998.94063,10000.01969,5.499989486068557e-08
2023-02-06 05:00:00,1.0,1.07902,9998.94063,10000.019649999998,-3.999992226333404e-09
2023-02-06 06:00:00,1.0,1.07963,9998.94063,10000.02026,6.099988025809466e-08
2023-02-06 07:00:00,1.0,1.07968,9998.94063,10000.02031,4.9999899776054235e-09
2023-02-06 08:00:00,1.0,1.07873,9998.94063,10000.019359999998,-9.49998072430347e-08
2023-02-06 09:00:00,1.0,1.078,9998.94063,10000.018629999999,-7.299985860242941e-08
2023-02-06 10:00:00,1.0,1.07853,9998.94063,10000.01916,5.299990135654298e-08
2023-02-06 11:00:00,1.0,1.07667,9998.94063,10000.0173,-1.8599964368704036e-07
2023-02-06 12:00:00,1.0,1.0766,9998.94063,10000.01723,-6.999987922640116e-09
2023-02-06 13:00:00,1.0,1.07662,9998.94063,10000.017249999999,1.999996612767063e-09
2023-02-06 14:00:00,1.0,1.07732,9998.94063,10000.01795,6.999987922640116e-08
2023-02-06 15:00:00,1.0,1.07581,9998.94063,10000.01644,-1.5099972894283553e-07
2023-02-06 16:00:00,1.0,1.07445,9998.94063,10000.01508,-1.3599977644052075e-07
2023-02-06 17:00:00,1.0,1.07301,9998.94063,10000.01364,-1.4399978287560344e-07
2023-02-06 18:00:00,1.0,1.07213,9998.94063,10000.01276,-8.799987993857172e-08
2023-02-06 19:00:00,1.0,1.07132,9998.94063,10000.011949999998,-8.099989678989061e-08
2023-02-06 20:00:00,1.0,1.07264,9998.94063,10000.01327,1.3199984238987383e-07
2023-02-06 21:00:00,1.0,1.07247,9998.94063,10000.013099999998,-1.6999977536791278e-08
2023-02-06 22:00:00,1.0,1.07298,9998.94063,10000.01361,5.099993338752995e-08
2023-02-06 23:00:00,1.0,1.07249,9998.94063,10000.01312,-4.899993333307151e-08
2023-02-07 00:00:00,1.0,1.07258,9998.94063,10000.01321,8.999988088120858e-09
2023-02-07 01:00:00,1.0,1.07291,9998.94063,10000.01354,3.299995654515442e-08
2023-02-07 02:00:00,1.0,1.07362,9998.94063,10000.014249999998,7.099990373404808e-08
2023-02-07 03:00:00,1.0,1.07412,9998.94063,10000.014749999998,4.999992886389748e-08
2023-02-07 04:00:00,1.0,1.0741,9998.94063,10000.014729999999,-1.9999969458339706e-09
2023-02-07 05:00:00,1.0,1.07383,9998.94063,10000.014459999999,-2.6999960267559686e-08
2023-02-07 06:00:00,1.0,1.07328,9998.94063,10000.01391,-5.499992039581514e-08
2023-02-07 07:00:00,1.0,1.07404,9998.94063,10000.014669999999,7.599989415574271e-08
2023-02-07 08:00:00,1.0,1.07393,9998.94063,10000.01456,-1.0999983812709502e-08
2023-02-07 09:00:00,1.0,1.07242,9998.94063,10000.01305,-1.5099978012411697e-07
2023-02-07 10:00:00,1.0,1.07192,9998.94063,10000.01255,-4.999993474807951e-08
2023-02-07 11:00:00,1.0,1.0711,9998.94063,10000.011729999998,-8.199989720569789e-08
2023-02-07 12:00:00,1.0,1.07137,9998.94063,10000.011999999999,2.699996848321007e-08
2023-02-07 13:00:00,1.0,1.07051,9998.94063,10000.011139999999,-8.599989675950326e-08
2023-02-07 14:00:00,1.0,1.07055,9998.94063,10000.01118,3.9999956680247806e-09
2023-02-07 15:00:00,1.0,1.06954,9998.94063,10000.01017,-1.0099988712042318e-07
2023-02-07 16:00:00,1.0,1.06824,9998.94063,10000.00887,-1.2999986775952266e-07
2023-02-07 17:00:00,1.0,1.06928,9998.94063,10000.009909999999,1.0399990757470334e-07
2023-02-07 18:00:00,1.0,1.07049,9998.94063,10000.01112,1.20999880115491e-07
2023-02-07 19:00:00,1.0,1.07603,9998.94063,10000.01666,5.539993839231983e-07
2023-02-07 20:00:00,1.0,1.07021,9998.94063,10000.010839999999,-5.819990304134492e-07
2023-02-07 21:00:00,1.0,1.07195,9998.94063,10000.012579999999,1.7399981144805565e-07
2023-02-07 22:00:00,1.0,1.07251,9998.94063,10000.01314,5.599992958238431e-08
2023-02-07 23:00:00,1.0,1.07267,9998.94063,10000.013299999999,1.599997889734084e-08
2023-02-08 00:00:00,1.0,1.07295,9998.94063,10000.013579999999,2.799996279279071e-08
2023-02-08 01:00:00,1.0,1.07301,9998.94063,10000.01364,5.999991836702634e-09
2023-02-08 02:00:00,1.0,1.07321,9998.94063,10000.01384,1.999997278900878e-08
2023-02-08 03:00:00,1.0,1.07264,9998.94063,10000.01327,-5.699992111640739e-08
2023-02-08 04:00:00,1.0,1.07328,9998.94063,10000.01391,6.399991514527414e-08
2023-02-08 05:00:00,1.0,1.07324,9998.94063,10000.013869999999,-3.999994557801756e-09
2023-02-08 06:00:00,1.0,1.07335,9998.94063,10000.01398,1.0999984922932526e-08
2023-02-08 07:00:00,1.0,1.07337,9998.94063,10000.014,1.999997056856273e-09
2023-02-08 08:00:00,1.0,1.07272,9998.94063,10000.01335,-6.499990901076558e-08
2023-02-08 09:00:00,1.0,1.07587,9998.94063,10000.0165,3.1499957953151636e-07
2023-02-08 10:00:00,1.0,1.07523,9998.94063,10000.01586,-6.399989438410358e-08
2023-02-08 11:00:00,1.0,1.07553,9998.94063,10000.01616,2.999995230013042e-08
2023-02-08 12:00:00,1.0,1.07465,9998.94063,10000.01528,-8.799985773411123e-08
2023-02-08 13:00:00,1.0,1.07351,9998.94063,10000.01414,-1.1399982580151402e-07
2023-02-08 14:00:00,1.0,1.07338,9998.94063,10000.014009999999,-1.2999981646721892e-08
2023-02-08 15:00:00,1.0,1.07317,9998.94063,10000.013799999999,-2.09999705402808e-08
2023-02-08 16:00:00,1.0,1.07251,9998.94063,10000.01314,-6.599990887146134e-08
2023-02-08 17:00:00,1.0,1.07253,9998.94063,10000.013159999999,1.999997278900878e-09
2023-02-08 18:00:00,1.0,1.07336,9998.94063,10000.01399,8.299989096016702e-08
2023-02-08 19:00:00,1.0,1.07285,9998.94063,10000.01348,-5.0999928613570944e-08
2023-02-08 20:00:00,1.0,1.0734,9998.94063,10000.014029999998,5.4999925724885657e-08
2023-02-08 21:00:00,1.0,1.07231,9998.94063,10000.012939999999,-1.0899984703716115e-07
2023-02-08 22:00:00,1.0,1.07138,9998.94063,10000.012009999999,-9.299987968613976e-08
2023-02-08 23:00:00,1.0,1.07129,9998.94063,10000.011919999999,-8.999989198343883e-09
2023-02-09 00:00:00,1.0,1.07124,9998.94063,10000.011869999998,-4.999994085430615e-09
2023-02-09 01:00:00,1.0,1.07151,9998.94063,10000.012139999999,2.699996803912086e-08
2023-02-09 02:00:00,1.0,1.07159,9998.94063,10000.012219999999,7.999990225826537e-09
2023-02-09 03:00:00,1.0,1.07247,9998.94063,10000.013099999998,8.79998924840919e-08
2023-02-09 04:00:00,1.0,1.07307,9998.94063,10000.0137,5.999992147565081e-08
2023-02-09 05:00:00,1.0,1.07296,9998.94063,10000.013589999999,-1.0999985033954829e-08
2023-02-09 06:00:00,1.0,1.07321,9998.94063,10000.01384,2.4999966097283277e-08
2023-02-09 07:00:00,1.0,1.07357,9998.94063,10000.0142,3.5999950132037384e-08
2023-02-09 08:00:00,1.0,1.07398,9998.94063,10000.014609999998,4.099994166395504e-08
2023-02-09 09:00:00,1.0,1.0733,9998.94063,10000.01393,-6.79999005992471e-08
2023-02-09 10:00:00,1.0,1.07529,9998.94063,10000.01592,1.9899972292236612e-07
2023-02-09 11:00:00,1.0,1.07638,9998.94063,10000.01701,1.0899982649803519e-07
2023-02-09 12:00:00,1.0,1.07775,9998.94063,10000.01838,1.369997668643208e-07
2023-02-09 13:00:00,1.0,1.07632,9998.94063,10000.01695,-1.4299973716269676e-07
2023-02-09 14:00:00,1.0,1.07695,9998.94063,10000.01758,6.299989330216249e-08
2023-02-09 15:00:00,1.0,1.07899,9998.94063,10000.01962,2.0399964140160876e-07
2023-02-09 16:00:00,1.0,1.07801,9998.94063,10000.018639999998,-9.799980782432272e-08
2023-02-09 17:00:00,1.0,1.07629,9998.94063,10000.01692,-1.7199967927705728e-07
2023-02-09 18:00:00,1.0,1.07609,9998.94063,10000.01672,-1.9999966238692934e-08
2023-02-09 19:00:00,1.0,1.07487,9998.94063,10000.0155,-1.2199979604332611e-07
2023-02-09 20:00:00,1.0,1.07413,9998.94063,10000.01476,-7.399988521950007e-08
2023-02-09 21:00:00,1.0,1.07373,9998.94063,10000.01436,-3.999994102610316e-08
2023-02-09 22:00:00,1.0,1.07336,9998.94063,10000.01399,-3.699994688410868e-08
2023-02-09 23:00:00,1.0,1.07386,9998.94063,10000.01449,4.9999929974120505e-08
2023-02-10 00:00:00,1.0,1.07401,9998.94063,10000.01464,1.4999978148466653e-08
2023-02-10 01:00:00,1.0,1.0739,9998.94063,10000.014529999999,-1.0999984034754107e-08
2023-02-10 02:00:00,1.0,1.07346,9998.94063,10000.014089999999,-4.3999936027994124e-08
2023-02-10 03:00:00,1.0,1.07336,9998.94063,10000.01399,-9.999985839392878e-09
2023-02-10 04:00:00,1.0,1.07251,9998.94063,10000.01314,-8.499988113364054e-08
2023-02-10 05:00:00,1.0,1.07208,9998.94063,10000.012709999999,-4.299994349477032e-08
2023-02-10 06:00:00,1.0,1.07185,9998.94063,10000.01248,-2.299997070576154e-08
2023-02-10 07:00:00,1.0,1.0726,9998.94063,10000.013229999999,7.499990628545561e-08
2023-02-10 08:00:00,1.0,1.07231,9998.94063,10000.012939999999,-2.8999961654285755e-08
2023-02-10 09:00:00,1.0,1.07412,9998.94063,10000.014749999998,1.8099976584196042e-07
2023-02-10 10:00:00,1.0,1.07424,9998.94063,10000.014869999999,1.1999982341137638e-08
2023-02-10 11:00:00,1.0,1.07068,9998.94063,10000.01131,-3.559994705693015e-07
2023-02-10 12:00:00,1.0,1.0709,9998.94063,10000.01153,2.199997517493557e-08
2023-02-10 13:00:00,1.0,1.06986,9998.94063,10000.010489999999,-1.0399988015219463e-07
2023-02-10 14:00:00,1.0,1.06832,9998.94063,10000.00895,-1.5399983843700227e-07
2023-02-10 15:00:00,1.0,1.0696,9998.94063,10000.01023,1.2799988557965492e-07
2023-02-10 16:00:00,1.0,1.06977,9998.94063,10000.0104,1.699998253279489e-08
2023-02-10 17:00:00,1.0,1.06769,9998.94063,10000.008319999999,-2.079997837300951e-07
2023-02-10 18:00:00,1.0,1.06688,9998.94063,10000.00751,-8.0999932539072e-08
2023-02-10 19:00:00,1.0,1.06684,9998.94063,10000.007469999999,-3.9999971113147126e-09
2023-02-10 20:00:00,1.0,1.06714,9998.94063,10000.007769999998,2.999997761321538e-08
2023-02-10 21:00:00,1.0,1.06733,9998.94063,10000.007959999999,1.899998536281089e-08
2023-02-10 22:00:00,1.0,1.06789,9998.94063,10000.00852,5.599995556160309e-08
2023-02-10 23:00:00,1.0,1.06782,9998.94063,10000.00845,-6.999994028866752e-09
2023-02-13 00:00:00,1.0,1.06775,9998.94063,10000.00838,-6.999994139889054e-09
2023-02-13 01:00:00,1.0,1.06768,9998.94063,10000.00831,-6.999994139889054e-09
2023-02-13 02:00:00,1.0,1.06726,9998.94063,10000.007889999999,-4.199996517240123e-08
2023-02-13 03:00:00,1.0,1.06669,9998.94063,10000.007319999999,-5.6999955089231946e-08
2023-02-13 04:00:00,1.0,1.06676,9998.94063,10000.007389999999,6.999994806022869e-09
2023-02-13 05:00:00,1.0,1.06607,9998.94063,10000.0067,-6.899994886566674e-08
2023-02-13 06:00:00,1.0,1.06671,9998.94063,10000.007339999998,6.399995688965987e-08
2023-02-13 07:00:00,1.0,1.06696,9998.94063,10000.00759,2.4999981640405622e-08
2023-02-13 08:00:00,1.0,1.06741,9998.94063,10000.008039999999,4.499996575368925e-08
2023-02-13 09:00:00,1.0,1.06832,9998.94063,10000.00895,9.099992692718217e-08
2023-02-13 10:00:00,1.0,1.06744,9998.94063,10000.00807,-8.799992123886824e-08
2023-02-13 11:00:00,1.0,1.06772,9998.94063,10000.008349999998,2.799997722569003e-08
2023-02-13 12:00:00,1.0,1.06805,9998.94063,10000.008679999999,3.299997253236597e-08
2023-02-13 13:00:00,1.0,1.06758,9998.94063,10000.00821,-4.6999959146809545e-08
2023-02-13 14:00:00,1.0,1.06907,9998.94063,10000.009699999999,1.489998775472401e-07
2023-02-13 15:00:00,1.0,1.06808,9998.94063,10000.008709999998,-9.899990405237702e-08
2023-02-13 16:00:00,1.0,1.0705,9998.94063,10000.011129999999,2.4199978931882526e-07
2023-02-13 17:00:00,1.0,1.07197,9998.94063,10000.0126,1.4699983652555204e-07
2023-02-13 18:00:00,1.0,1.07169,9998.94063,10000.01232,-2.7999964791192156e-08
2023-02-13 19:00:00,1.0,1.07184,9998.94063,10000.01247,1.4999981479135727e-08
2023-02-13 20:00:00,1.0,1.07279,9998.94063,10000.01342,9.499988151695504e-08
2023-02-13 21:00:00,1.0,1.07174,9998.94063,10000.012369999999,-1.0499985914069754e-07
2023-02-13 22:00:00,1.0,1.07228,9998.94063,10000.01291,5.399993319166185e-08
2023-02-13 23:00:00,1.0,1.07243,9998.94063,10000.01306,1.4999980590957307e-08
2023-02-14 00:00:00,1.0,1.07247,9998.94063,10000.013099999998,3.999994779846361e-09
2023-02-14 01:00:00,1.0,1.0731,9998.94063,10000.013729999999,6.299991750502443e-08
2023-02-14 02:00:00,1.0,1.07334,9998.94063,10000.01397,2.399996712476593e-08
2023-02-14 03:00:00,1.0,1.07287,9998.94063,10000.0135,-4.6999934388836095e-08
2023-02-14 04:00:00,1.0,1.0732,9998.94063,10000.01383,3.2999955434931394e-08
2023-02-14 05:00:00,1.0,1.07345,9998.94063,10000.014079999999,2.4999965431149462e-08
2023-02-14 06:00:00,1.0,1.07381,9998.94063,10000.014439999999,3.5999949243858964e-08
2023-02-14 07:00:00,1.0,1.07384,9998.94063,10000.014469999998,2.9999955852844096e-09
2023-02-14 08:00:00,1.0,1.07392,9998.94063,10000.01455,7.999988671514302e-09
2023-02-14 09:00:00,1.0,1.07321,9998.94063,10000.01384,-7.099989673964302e-08
2023-02-14 10:00:00,1.0,1.07487,9998.94063,10000.0155,1.6599977015196998e-07
2023-02-14 11:00:00,1.0,1.07615,9998.94063,10000.01678,1.2799980164679425e-07
2023-02-14 12:00:00,1.0,1.07557,9998.94063,10000.0162,-5.799990265842325e-08
2023-02-14 13:00:00,1.0,1.07552,9998.94063,10000.01615,-4.999991976006868e-09
2023-02-14 14:00:00,1.0,1.07581,9998.94063,10000.01644,2.8999953105568466e-08
2023-02-14 15:00:00,1.0,1.07607,9998.94063,10000.016699999998,2.5999957076194846e-08
2023-02-14 16:00:00,1.0,1.07523,9998.94063,10000.01586,-8.39998596235958e-08
2023-02-14 17:00:00,1.0,1.07158,9998.94063,10000.012209999999,-3.649994211318841e-07
2023-02-14 18:00:00,1.0,1.07215,9998.94063,10000.01278,5.69999303312585e-08
2023-02-14 19:00:00,1.0,1.07279,9998.94063,10000.01342,6.399991825389861e-08
2023-02-14 20:00:00,1.0,1.07317,9998.94063,10000.013799999999,3.7999948965250496e-08
2023-02-14 21:00:00,1.0,1.07394,9998.94063,10000.01457,7.699989379439387e-08
2023-02-14 22:00:00,1.0,1.0738,9998.94063,10000.01443,-1.3999979620038516e-08
2023-02-14 23:00:00,1.0,1.07352,9998.94063,10000.014149999999,-2.799995957314394e-08
2023-02-15 00:00:00,1.0,1.07343,9998.94063,10000.01406,-8.999987199942439e-09
2023-02-15 01:00:00,1.0,1.07351,9998.94063,10000.01414,7.999988671514302e-09
2023-02-15 02:00:00,1.0,1.07381,9998.94063,10000.014439999999,2.9999957629200935e-08
2023-02-15 03:00:00,1.0,1.07397,9998.94063,10000.014599999999,1.5999976898939394e-08
2023-02-15 04:00:00,1.0,1.07247,9998.94063,10000.013099999998,-1.4999978104057732e-07
2023-02-15 05:00:00,1.0,1.07181,9998.94063,10000.012439999999,-6.599991353439805e-08
2023-02-15 06:00:00,1.0,1.07182,9998.94063,10000.012449999998,9.999987504727414e-10
2023-02-15 07:00:00,1.0,1.07152,9998.94063,10000.012149999999,-2.9999962625204546e-08
2023-02-15 08:00:00,1.0,1.07074,9998.94063,10000.011369999998,-7.79999053124314e-08
2023-02-15 09:00:00,1.0,1.07082,9998.94063,10000.01145,7.999991114004956e-09
2023-02-15 10:00:00,1.0,1.07241,9998.94063,10000.01304,1.5899981797851126e-07
2023-02-15 11:00:00,1.0,1.07258,9998.94063,10000.01321,1.6999977869858185e-08
2023-02-15 12:00:00,1.0,1.07157,9998.94063,10000.0122,-1.0099986658129723e-07
2023-02-15 13:00:00,1.0,1.07111,9998.94063,10000.01174,-4.5999943854013736e-08
2023-02-15 14:00:00,1.0,1.06977,9998.94063,10000.0104,-1.3399984277739918e-07
2023-02-15 15:00:00,1.0,1.06831,9998.94063,10000.00894,-1.4599984810015343e-07
2023-02-15 16:00:00,1.0,1.06695,9998.94063,10000.00758,-1.359998784700167e-07
2023-02-15 17:00:00,1.0,1.0676,9998.94063,10000.00823,6.49999507551513e-08
2023-02-15 18:00:00,1.0,1.06822,9998.94063,10000.008849999998,6.199994895261796e-08
2023-02-15 19:00:00,1.0,1.06669,9998.94063,10000.007319999999,-1.5299986455552528e-07
2023-02-15 20:00:00,1.0,1.06758,9998.94063,10000.00821,8.899993497735181e-08
2023-02-15 21:00:00,1.0,1.06809,9998.94063,10000.00872,5.0999958034481097e-08
2023-02-15 22:00:00,1.0,1.06903,9998.94063,10000.00966,9.399991807157448e-08
2023-02-15 23:00:00,1.0,1.06864,9998.94063,10000.009269999999,-3.8999962481689465e-08
2023-02-16 00:00:00,1.0,1.06884,9998.94063,10000.009469999999,1.9999981448748372e-08
2023-02-16 01:00:00,1.0,1.06911,9998.94063,10000.00974,2.69999744784144e-08
2023-02-16 02:00:00,1.0,1.06894,9998.94063,10000.009569999998,-1.699998353199561e-08
2023-02-16 03:00:00,1.0,1.07049,9998.94063,10000.01112,1.5499985184241893e-07
2023-02-16 04:00:00,1.0,1.07125,9998.94063,10000.01188,7.599991547202478e-08
2023-02-16 05:00:00,1.0,1.07095,9998.94063,10000.011579999999,-2.999996451258369e-08
2023-02-16 06:00:00,1.0,1.07071,9998.94063,10000.01134,-2.399997212076954e-08
2023-02-16 07:00:00,1.0,1.07055,9998.94063,10000.01118,-1.5999981783920703e-08
2023-02-16 08:00:00,1.0,1.06999,9998.94063,10000.01062,-5.5999937464967786e-08
2023-02-16 09:00:00,1.0,1.0709,9998.94063,10000.01153,9.099990339045405e-08
2023-02-16 10:00:00,1.0,1.07071,9998.94063,10000.01134,-1.899997814636123e-08
2023-02-16 11:00:00,1.0,1.07005,9998.94063,10000.01068,-6.59999250807175e-08
2023-02-16 12:00:00,1.0,1.07064,9998.94063,10000.011269999999,5.899993693603278e-08
2023-02-16 13:00:00,1.0,1.07052,9998.94063,10000.011149999998,-1.1999986559985132e-08
2023-02-16 14:00:00,1.0,1.06939,9998.94063,10000.01002,-1.1299987390245292e-07
2023-02-16 15:00:00,1.0,1.06795,9998.94063,10000.00858,-1.4399985570623386e-07
2023-02-16 16:00:00,1.0,1.06629,9998.94063,10000.00692,-1.6599985752652202e-07
2023-02-16 17:00:00,1.0,1.06731,9998.94063,10000.00794,1.0199992939163849e-07
2023-02-16 18:00:00,1.0,1.06832,9998.94063,10000.00895,1.009999197609801e-07
2023-02-16 19:00:00,1.0,1.0693,9998.94063,10000.009929999998,9.799991218528703e-08
2023-02-16 20:00:00,1.0,1.06921,9998.94063,10000.009839999999,-8.999990974700722e-09
2023-02-16 21:00:00,1.0,1.06904,9998.94063,10000.00967,-1.6999983198928703e-08
2023-02-16 22:00:00,1.0,1.06737,9998.94063,10000.008,-1.6699983851342637e-07
2023-02-16 23:00:00,1.0,1.06716,9998.94063,10000.00779,-2.099998319682328e-08
2023-02-17 00:00:00,1.0,1.06693,9998.94063,10000.00756,-2.2999982030036392e-08
2023-02-17 01:00:00,1.0,1.06657,9998.94063,10000.0072,-3.5999972780587086e-08
2023-02-17 02:00:00,1.0,1.06601,9998.94063,10000.00664,-5.599995966942828e-08
2023-02-17 03:00:00,1.0,1.06534,9998.94063,10000.005969999998,-6.699995558356875e-08
2023-02-17 04:00:00,1.0,1.0651,9998.94063,10000.005729999999,-2.3999985665490442e-08
2023-02-17 05:00:00,1.0,1.06527,9998.94063,10000.005899999998,1.699999030435606e-08
2023-02-17 06:00:00,1.0,1.06383,9998.94063,10000.004459999998,-1.4399991499214337e-07
2023-02-17 07:00:00,1.0,1.06384,9998.94063,10000.00447,9.999996386511611e-10
2023-02-17 08:00:00,1.0,1.06346,9998.94063,10000.004089999999,-3.7999983160119655e-08
2023-02-17 09:00:00,1.0,1.06442,9998.94063,10000.00505,9.599996086961937e-08
2023-02-17 10:00:00,1.0,1.0644,9998.94063,10000.005029999998,-1.99999916628002e-09
2023-02-17 11:00:00,1.0,1.0637,9998.94063,10000.00433,-6.999996471357406e-08
2023-02-17 12:00:00,1.0,1.06417,9998.94063,10000.004799999999,4.6999979463890895e-08
2023-02-17 13:00:00,1.0,1.06258,9998.94063,10000.003209999999,-1.589999236717432e-07
2023-02-17 14:00:00,1.0,1.06201,9998.94063,10000.002639999999,-5.699998173458454e-08
2023-02-17 15:00:00,1.0,1.06413,9998.94063,10000.00476,2.1199994404419442e-07
2023-02-17 16:00:00,1.0,1.06404,9998.94063,10000.004669999998,-8.99999585968203e-09
2023-02-17 17:00:00,1.0,1.06622,9998.94063,10000.00685,2.1799989835535882e-07
2023-02-17 18:00:00,1.0,1.06771,9998.94063,10000.008339999998,1.4899989775329914e-07
2023-02-17 19:00:00,1.0,1.06786,9998.94063,10000.008489999998,1.499998747434006e-08
2023-02-17 20:00:00,1.0,1.06855,9998.94063,10000.00918,6.899994153819478e-08
2023-02-17 21:00:00,1.0,1.06964,9998.94063,10000.010269999999,1.0899989999479942e-07
2023-02-17 22:00:00,1.0,1.06948,9998.94063,10000.01011,-1.5999983560277542e-08
2023-02-17 23:00:00,1.0,1.06935,9998.94063,10000.009979999999,-1.2999986864770108e-08
2023-02-20 00:00:00,1.0,1.06898,9998.94063,10000.00961,-3.699996309336484e-08
2023-02-20 01:00:00,1.0,1.06841,9998.94063,10000.009039999999,-5.699994520824703e-08
2023-02-20 02:00:00,1.0,1.06791,9998.94063,10000.008539999999,-4.9999954843116257e-08
2023-02-20 03:00:00,1.0,1.06759,9998.94063,10000.00822,-3.1999972560647905e-08
2023-02-20 04:00:00,1.0,1.06838,9998.94063,10000.00901,7.899993503812652e-08
2023-02-20 05:00:00,1.0,1.06818,9998.94063,10000.00881,-1.9999982003859884e-08
2023-02-20 06:00:00,1.0,1.06867,9998.94063,10000.0093,4.899995675877733e-08
2023-02-20 07:00:00,1.0,1.06909,9998.94063,10000.00972,4.199996106457604e-08
2023-02-20 08:00:00,1.0,1.06907,9998.94063,10000.009699999999,-1.9999981670792977e-09
2023-02-20 09:00:00,1.0,1.07018,9998.94063,10000.01081,1.1099989238871899e-07
2023-02-20 10:00:00,1.0,1.0693,9998.94063,10000.009929999998,-8.799990502961208e-08
2023-02-20 11:00:00,1.0,1.06794,9998.94063,10000.00857,-1.359998648142735e-07
2023-02-20 12:00:00,1.0,1.06883,9998.94063,10000.00946,8.899992365307696e-08
2023-02-20 13:00:00,1.0,1.06853,9998.94063,10000.00916,-2.9999971618011045e-08
2023-02-20 14:00:00,1.0,1.06713,9998.94063,10000.007759999999,-1.3999987180657314e-07
2023-02-20 15:00:00,1.0,1.06806,9998.94063,10000.008689999999,9.299992775879673e-08
2023-02-20 16:00:00,1.0,1.06887,9998.94063,10000.009499999998,8.099992965249214e-08
2023-02-20 17:00:00,1.0,1.06862,9998.94063,10000.00925,-2.49999762003128e-08
2023-02-20 18:00:00,1.0,1.06885,9998.94063,10000.009479999999,2.2999978588345016e-08
2023-02-20 19:00:00,1.0,1.06856,9998.94063,10000.009189999999,-2.8999972534471397e-08
2023-02-20 20:00:00,1.0,1.06836,9998.94063,10000.008989999998,-1.9999981670792977e-08
2023-02-20 21:00:00,1.0,1.06874,9998.94063,10000.00937,3.7999966062685075e-08
2023-02-20 22:00:00,1.0,1.06844,9998.94063,10000.009069999998,-2.9999972062100255e-08
2023-02-20 23:00:00,1.0,1.06853,9998.94063,10000.00916,8.999991862879142e-09
2023-02-21 00:00:00,1.0,1.06837,9998.94063,10000.009,-1.599998533663438e-08
2023-02-21 01:00:00,1.0,1.06823,9998.94063,10000.00886,-1.3999987391599689e-08
2023-02-21 02:00:00,1.0,1.06771,9998.94063,10000.008339999998,-5.199995412041858e-08
2023-02-21 03:00:00,1.0,1.06737,9998.94063,10000.008,-3.399997150488332e-08
2023-02-21 04:00:00,1.0,1.06635,9998.94063,10000.006979999998,-1.0199991851145285e-07
2023-02-21 05:00:00,1.0,1.06667,9998.94063,10000.0073,3.199997777869612e-08
2023-02-21 06:00:00,1.0,1.06686,9998.94063,10000.00749,1.899998625098931e-08
2023-02-21 07:00:00,1.0,1.06738,9998.94063,10000.00801,5.199996100380133e-08
2023-02-21 08:00:00,1.0,1.06714,9998.94063,10000.007769999998,-2.3999980891531436e-08
2023-02-21 09:00:00,1.0,1.06696,9998.94063,10000.00759,-1.7999985946204333e-08
2023-02-21 10:00:00,1.0,1.06602,9998.94063,10000.00665,-9.399992861869322e-08
2023-02-21 11:00:00,1.0,1.06625,9998.94063,10000.006879999999,2.299998458354935e-08
2023-02-21 12:00:00,1.0,1.06489,9998.94063,10000.005519999999,-1.3599990644763693e-07
2023-02-21 13:00:00,1.0,1.06574,9998.94063,10000.00637,8.499995307609254e-08
2023-02-21 14:00:00,1.0,1.066,9998.94063,10000.00663,2.5999983499502832e-08
2023-02-21 15:00:00,1.0,1.06529,9998.94063,10000.00592,-7.099995291692807e-08
2023-02-21 16:00:00,1.0,1.06489,9998.94063,10000.005519999999,-3.9999976442217644e-08
2023-02-21 17:00:00,1.0,1.06854,9998.94063,10000.00917,3.649997986077125e-07
2023-02-21 18:00:00,1.0,1.06564,9998.94063,10000.00627,-2.8999973400445356e-07
2023-02-21 19:00:00,1.0,1.06607,9998.94063,10000.0067,4.299997313772508e-08
2023-02-21 20:00:00,1.0,1.06428,9998.94063,10000.00491,-1.7899988014047352e-07
2023-02-21 21:00:00,1.0,1.06486,9998.94063,10000.00549,5.799997149225078e-08
2023-02-21 22:00:00,1.0,1.06456,9998.94063,10000.00519,-2.999998349739741e-08
2023-02-21 23:00:00,1.0,1.06465,9998.94063,10000.00528,8.999995193548216e-09
2023-02-22 00:00:00,1.0,1.06468,9998.94063,10000.005309999999,2.9999982498196687e-09
2023-02-22 01:00:00,1.0,1.06514,9998.94063,10000.00577,4.599997560639224e-08
2023-02-22 02:00:00,1.0,1.06579,9998.94063,10000.00642,6.499996252351536e-08
2023-02-22 03:00:00,1.0,1.06577,9998.94063,10000.006399999998,-1.9999988332131124e-09
2023-02-22 04:00:00,1.0,1.06561,9998.94063,10000.006239999999,-1.5999989666504177e-08
2023-02-22 05:00:00,1.0,1.06596,9998.94063,10000.006589999999,3.499997824896184e-08
2023-02-22 06:00:00,1.0,1.06586,9998.94063,10000.00649,-9.999993388909445e-09
2023-02-22 07:00:00,1.0,1.06576,9998.94063,10000.006389999999,-9.99999361095405e-09
2023-02-22 08:00:00,1.0,1.06563,9998.94063,10000.006259999998,-1.2999991749751416e-08
2023-02-22 09:00:00,1.0,1.06536,9998.94063,10000.00599,-2.699998291610939e-08
2023-02-22 10:00:00,1.0,1.06455,9998.94063,10000.005179999998,-8.099995163490803e-08
2023-02-22 11:00:00,1.0,1.06375,9998.94063,10000.004379999998,-7.999995854657271e-08
2023-02-22 12:00:00,1.0,1.06251,9998.94063,10000.003139999999,-1.2399994564482597e-07
2023-02-22 13:00:00,1.0,1.06303,9998.94063,10000.003659999998,5.1999983652351034e-08
2023-02-22 14:00:00,1.0,1.06479,9998.94063,10000.00542,1.7599993573647055e-07
2023-02-22 15:00:00,1.0,1.06463,9998.94063,10000.00526,-1.5999991331838714e-08
2023-02-22 16:00:00,1.0,1.06498,9998.94063,10000.005609999998,3.499998135758631e-08
2023-02-22 17:00:00,1.0,1.06268,9998.94063,10000.003309999998,-2.2999987092653384e-07
2023-02-22 18:00:00,1.0,1.06229,9998.94063,10000.002919999999,-3.899998701761831e-08
2023-02-22 19:00:00,1.0,1.06282,9998.94063,10000.003449999998,5.299998440122522e-08
2023-02-22 20:00:00,1.0,1.06246,9998.94063,10000.003089999998,-3.5999987546553314e-08
2023-02-22 21:00:00,1.0,1.06009,9998.94063,10000.00072,-2.3699992657277846e-07
2023-02-22 22:00:00,1.0,1.06028,9998.94063,10000.000909999999,1.899999846344258e-08
2023-02-22 23:00:00,1.0,1.06045,9998.94063,10000.00108,1.6999998520006443e-08
2023-02-23 00:00:00,1.0,1.06042,9998.94063,10000.001049999999,-2.999999804131903e-09
2023-02-23 01:00:00,1.0,1.06053,9998.94063,10000.00116,1.0999998911742637e-08
2023-02-23 02:00:00,1.0,1.06115,9998.94063,10000.001779999999,6.199999269540513e-08
2023-02-23 03:00:00,1.0,1.06197,9998.94063,10000.0026,8.199998546842835e-08
2023-02-23 04:00:00,1.0,1.0623,9998.94063,10000.002929999999,3.299999140615739e-08
2023-02-23 05:00:00,1.0,1.06224,9998.94063,10000.002869999998,-5.999998275996177e-09
2023-02-23 06:00:00,1.0,1.06244,9998.94063,10000.003069999999,1.9999994327335457e-08
2023-02-23 07:00:00,1.0,1.06225,9998.94063,10000.00288,-1.899999402255048e-08
2023-02-23 08:00:00,1.0,1.06225,9998.94063,10000.00288,0.0
2023-02-23 09:00:00,1.0,1.06165,9998.94063,10000.002279999999,-5.999998287098407e-08
2023-02-23 10:00:00,1.0,1.0606,9998.94063,10000.00123,-1.0499997593615973e-07
2023-02-23 11:00:00,1.0,1.0591,9998.94063,9999.99973,-1.4999998154685557e-07
2023-02-23 12:00:00,1.0,1.0598,9998.94063,10000.00043,7.000000201706769e-08
2023-02-23 13:00:00,1.0,1.06041,9998.94063,10000.00104,6.099999727560146e-08
2023-02-23 14:00:00,1.0,1.06139,9998.94063,10000.00202,9.799998990089875e-08
2023-02-23 15:00:00,1.0,1.06077,9998.94063,10000.0014,-6.199998758837921e-08
2023-02-23 16:00:00,1.0,1.0607,9998.94063,10000.00133,-6.9999990248703625e-09
2023-02-23 17:00:00,1.0,1.0597,9998.94063,10000.000329999999,-9.999998673571042e-08
2023-02-23 18:00:00,1.0,1.05824,9998.94063,9999.99887,-1.459999950936819e-07
2023-02-23 19:00:00,1.0,1.05854,9998.94063,9999.99917,3.000000337038955e-08
2023-02-23 20:00:00,1.0,1.05882,9998.94063,9999.99945,2.8000002316730388e-08
2023-02-23 21:00:00,1.0,1.05957,9998.94063,10000.000199999999,7.500000398508178e-08
2023-02-23 22:00:00,1.0,1.06032,9998.94063,10000.00095,7.499999865601126e-08
2023-02-23 23:00:00,1.0,1.05971,9998.94063,10000.000339999999,-6.099999427799929e-08
2023-02-24 00:00:00,1.0,1.05945,9998.94063,10000.00008,-2.5999999042625177e-08
2023-02-24 01:00:00,1.0,1.05975,9998.94063,10000.00038,2.999999981767587e-08
2023-02-24 02:00:00,1.0,1.06069,9998.94063,10000.00132,9.399999645332002e-08
2023-02-24 03:00:00,1.0,1.06013,9998.94063,10000.000759999999,-5.599999264305211e-08
2023-02-24 04:00:00,1.0,1.0597,9998.94063,10000.000329999999,-4.29999967854755e-08
2023-02-24 05:00:00,1.0,1.05999,9998.94063,10000.000619999999,2.8999999068801685e-08
2023-02-24 06:00:00,1.0,1.06001,9998.94063,10000.000639999998,1.999999721391532e-09
2023-02-24 07:00:00,1.0,1.05975,9998.94063,10000.00038,-2.599999826546906e-08
2023-02-24 08:00:00,1.0,1.05986,9998.94063,10000.000489999999,1.0999999577876451e-08
2023-02-24 09:00:00,1.0,1.05894,9998.94063,9999.99957,-9.199999539966086e-08
2023-02-24 10:00:00,1.0,1.05891,9998.94063,9999.999539999999,-3.000000248221113e-09
2023-02-24 11:00:00,1.0,1.05858,9998.94063,9999.99921,-3.3000001398164613e-08
2023-02-24 12:00:00,1.0,1.05866,9998.94063,9999.99929,8.000000661922968e-09
2023-02-24 13:00:00,1.0,1.05798,9998.94063,9999.998609999999,-6.800000496021141e-08
2023-02-24 14:00:00,1.0,1.05663,9998.94063,9999.997259999998,-1.3500001883048895e-07
2023-02-24 15:00:00,1.0,1.05539,9998.94063,9999.996019999999,-1.2400003390755643e-07
2023-02-24 16:00:00,1.0,1.05476,9998.94063,9999.99539,-6.300002497461321e-08
2023-02-24 17:00:00,1.0,1.05422,9998.94063,9999.99485,-5.400002500710599e-08
2023-02-24 18:00:00,1.0,1.05438,9998.94063,9999.995009999999,1.600000820722869e-08
2023-02-24 19:00:00,1.0,1.05472,9998.94063,9999.99535,3.400001702402733e-08
2023-02-24 20:00:00,1.0,1.05453,9998.94063,9999.995159999999,-1.900000889953901e-08
2023-02-24 21:00:00,1.0,1.05509,9998.94063,9999.995719999999,5.6000027059965873e-08
2023-02-24 22:00:00,1.0,1.05472,9998.94063,9999.99535,-3.700001582895851e-08
2023-02-24 23:00:00,1.0,1.05446,9998.94063,9999.995089999999,-2.6000012143256868e-08
2023-02-27 00:00:00,1.0,1.05449,9998.94063,9999.99512,3.0000015804887425e-09
2023-02-27 01:00:00,1.0,1.05532,9998.94063,9999.995949999999,8.300004039618614e-08
2023-02-27 02:00:00,1.0,1.05546,9998.94063,9999.996089999999,1.4000005599257292e-08
2023-02-27 03:00:00,1.0,1.05592,9998.94063,9999.99655,4.600001801691178e-08
2023-02-27 04:00:00,1.0,1.05533,9998.94063,9999.995959999998,-5.9000020535826536e-08
2023-02-27 05:00:00,1.0,1.05442,9998.94063,9999.99505,-9.1000036617217e-08
2023-02-27 06:00:00,1.0,1.05489,9998.94063,9999.995519999999,4.7000023206678065e-08
2023-02-27 07:00:00,1.0,1.05395,9998.94063,9999.994579999999,-9.400004208348633e-08
2023-02-27 08:00:00,1.0,1.05379,9998.94063,9999.994419999999,-1.60000086513179e-08
2023-02-27 09:00:00,1.0,1.05479,9998.94063,9999.99542,1.0000005579158255e-07
2023-02-27 10:00:00,1.0,1.05527,9998.94063,9999.9959,4.800002195715081e-08
2023-02-27 11:00:00,1.0,1.05512,9998.94063,9999.99575,-1.5000006126086873e-08
2023-02-27 12:00:00,1.0,1.05677,9998.94063,9999.997399999998,1.6500007005149087e-07
2023-02-27 13:00:00,1.0,1.05622,9998.94063,9999.99685,-5.500001420966072e-08
2023-02-27 14:00:00,1.0,1.05585,9998.94063,9999.99648,-3.7000011610111017e-08
2023-02-27 15:00:00,1.0,1.05829,9998.94063,9999.99892,2.440000859138536e-07
2023-02-27 16:00:00,1.0,1.05899,9998.94063,9999.999619999999,7.00000073461382e-08
2023-02-27 17:00:00,1.0,1.06011,9998.94063,10000.00074,1.1200000438194024e-07
2023-02-27 18:00:00,1.0,1.05953,9998.94063,10000.00016,-5.7999995695112716e-08
2023-02-27 19:00:00,1.0,1.06013,9998.94063,10000.000759999999,5.999999896921793e-08
2023-02-27 20:00:00,1.0,1.06068,9998.94063,10000.00131,5.499999589098081e-08
2023-02-27 21:00:00,1.0,1.06076,9998.94063,10000.00139,7.999998885566129e-09
2023-02-27 22:00:00,1.0,1.06081,9998.94063,10000.00144,4.99999930347883e-09
2023-02-27 23:00:00,1.0,1.06096,9998.94063,10000.00159,1.499999791043649e-08
2023-02-28 00:00:00,1.0,1.0604,9998.94063,10000.00103,-5.5999991088739876e-08
2023-02-28 01:00:00,1.0,1.06096,9998.94063,10000.00159,5.5999994197364344e-08
2023-02-28 02:00:00,1.0,1.06097,9998.94063,10000.0016,9.99999860695766e-10
2023-02-28 03:00:00,1.0,1.05865,9998.94063,9999.99928,-2.3199996279643642e-07
2023-02-28 04:00:00,1.0,1.05952,9998.94063,10000.00015,8.700000631023386e-08
2023-02-28 05:00:00,1.0,1.05925,9998.94063,9999.99988,-2.699999968047706e-08
2023-02-28 06:00:00,1.0,1.05901,9998.94063,9999.99964,-2.4000000209412065e-08
2023-02-28 07:00:00,1.0,1.05848,9998.94063,9999.999109999999,-5.300000205377131e-08
2023-02-28 08:00:00,1.0,1.05873,9998.94063,9999.99936,2.500000229055388e-08
2023-02-28 09:00:00,1.0,1.05935,9998.94063,9999.999979999999,6.200000379763537e-08
2023-02-28 10:00:00,1.0,1.06159,9998.94063,10000.002219999998,2.240000003261855e-07
2023-02-28 11:00:00,1.0,1.0606,9998.94063,10000.00123,-9.899997788220816e-08
2023-02-28 12:00:00,1.0,1.06163,9998.94063,10000.00226,1.0299998720597614e-07
2023-02-28 13:00:00,1.0,1.06092,9998.94063,10000.001549999999,-7.099998400317276e-08
2023-02-28 14:00:00,1.0,1.06177,9998.94063,10000.0024,8.499998682687249e-08
2023-02-28 15:00:00,1.0,1.06313,9998.94063,10000.00376,1.3599996728785868e-07
2023-02-28 16:00:00,1.0,1.06335,9998.94063,10000.00398,2.199999182828094e-08
2023-02-28 17:00:00,1.0,1.06051,9998.94063,10000.001139999998,-2.8399988705185564e-07
2023-02-28 18:00:00,1.0,1.06008,9998.94063,10000.000709999998,-4.2999995120140966e-08
2023-02-28 19:00:00,1.0,1.06056,9998.94063,10000.001189999999,4.7999996644065845e-08
2023-02-28 20:00:00,1.0,1.05914,9998.94063,9999.999769999999,-1.4199998310537865e-07
2023-02-28 21:00:00,1.0,1.05839,9998.94063,9999.99902,-7.500000165361342e-08
2023-02-28 22:00:00,1.0,1.05765,9998.94063,9999.99828,-7.400000723301048e-08
2023-02-28 23:00:00,1.0,1.05741,9998.94063,9999.998039999999,-2.4000004206214953e-08
2023-03-01 00:00:00,1.0,1.05782,9998.94063,9999.99845,4.1000008055291914e-08
2023-03-01 01:00:00,1.0,1.05765,9998.94063,9999.99828,-1.700000251680933e-08
2023-03-01 02:00:00,1.0,1.05683,9998.94063,9999.997459999999,-8.200001422320469e-08
2023-03-01 03:00:00,1.0,1.05843,9998.94063,9999.999059999998,1.6000004054994577e-07
2023-03-01 04:00:00,1.0,1.05834,9998.94063,9999.998969999999,-9.000000855685641e-09
2023-03-01 05:00:00,1.0,1.05933,9998.94063,9999.99996,9.900001018969817e-08
2023-03-01 06:00:00,1.0,1.05892,9998.94063,9999.999549999999,-4.100000017270844e-08
2023-03-01 07:00:00,1.0,1.0591,9998.94063,9999.99973,1.8000000823192863e-08
2023-03-01 08:00:00,1.0,1.06072,9998.94063,10000.001349999999,1.620000043001113e-07
2023-03-01 09:00:00,1.0,1.06417,9998.94063,10000.004799999999,3.4499995349435153e-07
2023-03-01 10:00:00,1.0,1.06484,9998.94063,10000.005469999998,6.699996779602202e-08
2023-03-01 11:00:00,1.0,1.06424,9998.94063,10000.004869999999,-5.999996710581712e-08
2023-03-01 12:00:00,1.0,1.06681,9998.94063,10000.00744,2.569998749368807e-07
2023-03-01 13:00:00,1.0,1.06699,9998.94063,10000.007619999998,1.7999986612338148e-08
2023-03-01 14:00:00,1.0,1.06869,9998.94063,10000.00932,1.699998706250483e-07
2023-03-01 15:00:00,1.0,1.06715,9998.94063,10000.00778,-1.5399985642261527e-07
2023-03-01 16:00:00,1.0,1.06661,9998.94063,10000.007239999999,-5.3999958060657605e-08
2023-03-01 17:00:00,1.0,1.06722,9998.94063,10000.00785,6.099995597530494e-08
2023-03-01 18:00:00,1.0,1.06733,9998.94063,10000.007959999999,1.099999136222607e-08
2023-03-01 19:00:00,1.0,1.06653,9998.94063,10000.00716,-7.999993634211222e-08
2023-03-01 20:00:00,1.0,1.0652,9998.94063,10000.005829999998,-1.329999048671482e-07
2023-03-01 21:00:00,1.0,1.06573,9998.94063,10000.00636,5.2999969302192085e-08
2023-03-01 22:00:00,1.0,1.06649,9998.94063,10000.007119999998,7.599995166529538e-08
2023-03-01 23:00:00,1.0,1.06694,9998.94063,10000.00757,4.499996819617991e-08
2023-03-02 00:00:00,1.0,1.06675,9998.94063,10000.00738,-1.8999985695877797e-08
2023-03-02 01:00:00,1.0,1.06684,9998.94063,10000.007469999999,8.999993417191376e-09
2023-03-02 02:00:00,1.0,1.06604,9998.94063,10000.006669999999,-7.999994022789281e-08
2023-03-02 03:00:00,1.0,1.06514,9998.94063,10000.00577,-8.999993983405119e-08
2023-03-02 04:00:00,1.0,1.06557,9998.94063,10000.0062,4.299997513612652e-08
2023-03-02 05:00:00,1.0,1.06456,9998.94063,10000.00519,-1.009999374135262e-07
2023-03-02 06:00:00,1.0,1.06481,9998.94063,10000.005439999999,2.499998696947614e-08
2023-03-02 07:00:00,1.0,1.06414,9998.94063,10000.00477,-6.699996346615222e-08
2023-03-02 08:00:00,1.0,1.06394,9998.94063,10000.00457,-1.9999990552577174e-08
2023-03-02 09:00:00,1.0,1.06364,9998.94063,10000.00427,-2.999998627295497e-08
2023-03-02 10:00:00,1.0,1.06386,9998.94063,10000.00449,2.199999049601331e-08
2023-03-02 11:00:00,1.0,1.06239,9998.94063,10000.003019999998,-1.469999341141559e-07
2023-03-02 12:00:00,1.0,1.06141,9998.94063,10000.00204,-9.799997024995122e-08
2023-03-02 13:00:00,1.0,1.06251,9998.94063,10000.003139999999,1.0999997757110691e-07
2023-03-02 14:00:00,1.0,1.0606,9998.94063,10000.00123,-1.9099993997517828e-07
2023-03-02 15:00:00,1.0,1.05861,9998.94063,9999.99924,-1.9899997560912652e-07
2023-03-02 16:00:00,1.0,1.05993,9998.94063,10000.000559999999,1.3200001003355055e-07
2023-03-02 17:00:00,1.0,1.06087,9998.94063,10000.001499999998,9.399999467696318e-08
2023-03-02 18:00:00,1.0,1.0594,9998.94063,10000.00003,-1.4699997785694308e-07
2023-03-02 19:00:00,1.0,1.05798,9998.94063,9999.998609999999,-1.4199999964770171e-07
2023-03-02 20:00:00,1.0,1.0593,9998.94063,9999.99993,1.3200001847124554e-07
2023-03-02 21:00:00,1.0,1.05904,9998.94063,9999.99967,-2.6000000263870504e-08
2023-03-02 22:00:00,1.0,1.06003,9998.94063,10000.00066,9.900000330631542e-08
2023-03-02 23:00:00,1.0,1.05972,9998.94063,10000.000349999998,-3.09999981240594e-08
2023-03-03 00:00:00,1.0,1.05971,9998.94063,10000.000339999999,-9.999999717180685e-10
2023-03-03 01:00:00,1.0,1.05981,9998.94063,10000.00044,9.999999717180685e-09
2023-03-03 02:00:00,1.0,1.06107,9998.94063,10000.001699999999,1.259999944380752e-07
2023-03-03 03:00:00,1.0,1.06084,9998.94063,10000.00147,-2.2999996018846502e-08
2023-03-03 04:00:00,1.0,1.06026,9998.94063,10000.00089,-5.799999147626522e-08
2023-03-03 05:00:00,1.0,1.06062,9998.94063,10000.00125,3.599999676140442e-08
2023-03-03 06:00:00,1.0,1.06086,9998.94063,10000.001489999999,2.399999687874299e-08
2023-03-03 07:00:00,1.0,1.06091,9998.94063,10000.00154,4.99999930347883e-09
2023-03-03 08:00:00,1.0,1.06213,9998.94063,10000.00276,1.2199998122852662e-07
2023-03-03 09:00:00,1.0,1.061,9998.94063,10000.001629999999,-1.1299996882652152e-07
2023-03-03 10:00:00,1.0,1.06213,9998.94063,10000.00276,1.1299998159408631e-07
2023-03-03 11:00:00,1.0,1.06101,9998.94063,10000.001639999999,-1.1199996918787036e-07
2023-03-03 12:00:00,1.0,1.06167,9998.94063,10000.002299999998,6.599998925160833e-08
2023-03-03 13:00:00,1.0,1.06147,9998.94063,10000.0021,-1.9999995215513877e-08
2023-03-03 14:00:00,1.0,1.06127,9998.94063,10000.0019,-1.9999995881647692e-08
2023-03-03 15:00:00,1.0,1.06225,9998.94063,10000.00288,9.799998146320377e-08
2023-03-03 16:00:00,1.0,1.06136,9998.94063,10000.001989999999,-8.899997450129149e-08
2023-03-03 17:00:00,1.0,1.05977,9998.94063,10000.000399999999,-1.589999683027088e-07
2023-03-03 18:00:00,1.0,1.0616,9998.94063,10000.00223,1.829999927149828e-07
2023-03-03 19:00:00,1.0,1.06249,9998.94063,10000.00312,8.899998005240661e-08
2023-03-03 20:00:00,1.0,1.06246,9998.94063,10000.003089999998,-2.9999991379980884e-09
2023-03-03 21:00:00,1.0,1.06348,9998.94063,10000.00411,1.0199996869353356e-07
2023-03-03 22:00:00,1.0,1.06353,9998.94063,10000.004159999999,4.999997749166596e-09
2023-03-03 23:00:00,1.0,1.06328,9998.94063,10000.00391,-2.4999989522989097e-08
2023-03-06 00:00:00,1.0,1.06252,9998.94063,10000.003149999999,-7.59999703170422e-08
2023-03-06 01:00:00,1.0,1.06255,9998.94063,10000.00318,2.9999991379980884e-09
2023-03-06 02:00:00,1.0,1.06267,9998.94063,10000.003299999998,1.1999996107903144e-08
2023-03-06 03:00:00,1.0,1.06364,9998.94063,10000.00427,9.69999680577871e-08
2023-03-06 04:00:00,1.0,1.06452,9998.94063,10000.005149999999,8.799996242814245e-08
2023-03-06 05:00:00,1.0,1.06458,9998.94063,10000.00521,5.999996943728547e-09
2023-03-06 06:00:00,1.0,1.06427,9998.94063,10000.0049,-3.0999983802182385e-08
2023-03-06 07:00:00,1.0,1.06485,9998.94063,10000.00548,5.799997149225078e-08
2023-03-06 08:00:00,1.0,1.06435,9998.94063,10000.00498,-4.999997260668465e-08
2023-03-06 09:00:00,1.0,1.06485,9998.94063,10000.00548,4.9999975049175305e-08
2023-03-06 10:00:00,1.0,1.06417,9998.94063,10000.004799999999,-6.799996288275878e-08
2023-03-06 11:00:00,1.0,1.06292,9998.94063,10000.00355,-1.2499993995440661e-07
2023-03-06 12:00:00,1.0,1.06283,9998.94063,10000.00346,-8.99999674786045e-09
2023-03-06 13:00:00,1.0,1.06394,9998.94063,10000.00457,1.1099996144459112e-07
2023-03-06 14:00:00,1.0,1.06414,9998.94063,10000.00477,1.9999990996666384e-08
2023-03-06 15:00:00,1.0,1.06547,9998.94063,10000.006099999999,1.329999363974821e-07
2023-03-06 16:00:00,1.0,1.06688,9998.94063,10000.00751,1.4099991396676614e-07
2023-03-06 17:00:00,1.0,1.06788,9998.94063,10000.00851,9.999992500731025e-08
2023-03-06 18:00:00,1.0,1.06937,9998.94063,10000.009999999998,1.48999873106348e-07
2023-03-06 19:00:00,1.0,1.06852,9998.94063,10000.00915,-8.499991488442049e-08
2023-03-06 20:00:00,1.0,1.06738,9998.94063,10000.00801,-1.1399989574556457e-07
2023-03-06 21:00:00,1.0,1.06758,9998.94063,10000.00821,1.999998411328363e-08
2023-03-06 22:00:00,1.0,1.06773,9998.94063,10000.00836,1.4999987696384665e-08
2023-03-06 23:00:00,1.0,1.0683,9998.94063,10000.00893,5.6999952313674385e-08
2023-03-07 00:00:00,1.0,1.06807,9998.94063,10000.008699999998,-2.2999979587545738e-08
2023-03-07 01:00:00,1.0,1.06852,9998.94063,10000.00915,4.499996109075255e-08
2023-03-07 02:00:00,1.0,1.06791,9998.94063,10000.008539999999,-6.099994431796318e-08
2023-03-07 03:00:00,1.0,1.06865,9998.94063,10000.009279999998,7.399993684487072e-08
2023-03-07 04:00:00,1.0,1.06878,9998.94063,10000.009409999999,1.2999987974993132e-08
2023-03-07 05:00:00,1.0,1.0691,9998.94063,10000.00973,3.199997000713495e-08
2023-03-07 06:00:00,1.0,1.06904,9998.94063,10000.00967,-5.999994168170986e-09
2023-03-07 07:00:00,1.0,1.06854,9998.94063,10000.00917,-4.9999951623469485e-08
2023-03-07 08:00:00,1.0,1.06764,9998.94063,10000.008269999998,-8.99999175185684e-08
2023-03-07 09:00:00,1.0,1.06857,9998.94063,10000.009199999999,9.299992309586003e-08
2023-03-07 10:00:00,1.0,1.06738,9998.94063,10000.00801,-1.189998903861067e-07
2023-03-07 11:00:00,1.0,1.06569,9998.94063,10000.006319999999,-1.689998647691482e-07
2023-03-07 12:00:00,1.0,1.06607,9998.94063,10000.0067,3.79999760546923e-08
2023-03-07 13:00:00,1.0,1.06567,9998.94063,10000.0063,-3.9999973333593175e-08
2023-03-07 14:00:00,1.0,1.06697,9998.94063,10000.007599999999,1.2999991816364798e-07
2023-03-07 15:00:00,1.0,1.06564,9998.94063,10000.00627,-1.3299989887194386e-07
2023-03-07 16:00:00,1.0,1.06479,9998.94063,10000.00542,-8.49999467478213e-08
2023-03-07 17:00:00,1.0,1.05856,9998.94063,9999.999189999999,-6.22999662414081e-07
2023-03-07 18:00:00,1.0,1.05726,9998.94063,9999.997889999999,-1.3000001053420362e-07
2023-03-07 19:00:00,1.0,1.05673,9998.94063,9999.99736,-5.300001115760011e-08
2023-03-07 20:00:00,1.0,1.05559,9998.94063,9999.996219999999,-1.1400003008255055e-07
2023-03-07 21:00:00,1.0,1.05517,9998.94063,9999.995799999999,-4.200001590959346e-08
2023-03-07 22:00:00,1.0,1.05508,9998.94063,9999.99571,-9.000003742265505e-09
2023-03-07 23:00:00,1.0,1.05495,9998.94063,9999.995579999999,-1.3000005627539224e-08
2023-03-08 00:00:00,1.0,1.05506,9998.94063,9999.99569,1.100000490694697e-08
2023-03-08 01:00:00,1.0,1.05481,9998.94063,9999.995439999999,-2.500001083927117e-08
2023-03-08 02:00:00,1.0,1.05501,9998.94063,9999.99564,2.0000009204323987e-08
2023-03-08 03:00:00,1.0,1.05447,9998.94063,9999.995099999998,-5.400002367483836e-08
2023-03-08 04:00:00,1.0,1.05324,9998.94063,9999.993869999998,-1.2300006024812404e-07
2023-03-08 05:00:00,1.0,1.05294,9998.94063,9999.993569999999,-3.000001835840038e-08
2023-03-08 06:00:00,1.0,1.0535,9998.94063,9999.99413,5.600003594175007e-08
2023-03-08 07:00:00,1.0,1.05311,9998.94063,9999.99374,-3.90000227667997e-08
2023-03-08 08:00:00,1.0,1.054,9998.94063,9999.99463,8.900005554757229e-08
2023-03-08 09:00:00,1.0,1.05436,9998.94063,9999.99499,3.600001940995412e-08
2023-03-08 10:00:00,1.0,1.05368,9998.94063,9999.99431,-6.800003393703236e-08
2023-03-08 11:00:00,1.0,1.05356,9998.94063,9999.99419,-1.2000006877066483e-08
2023-03-08 12:00:00,1.0,1.05394,9998.94063,9999.994569999999,3.8000022017925517e-08
2023-03-08 13:00:00,1.0,1.05379,9998.94063,9999.994419999999,-1.5000008124488318e-08
2023-03-08 14:00:00,1.0,1.05468,9998.94063,9999.995309999998,8.900004955236795e-08
2023-03-08 15:00:00,1.0,1.05412,9998.94063,9999.99475,-5.6000026171787454e-08
2023-03-08 16:00:00,1.0,1.05564,9998.94063,9999.99627,1.5200007985605168e-07
2023-03-08 17:00:00,1.0,1.05527,9998.94063,9999.9959,-3.7000013830557066e-08
2023-03-08 18:00:00,1.0,1.05479,9998.94063,9999.99542,-4.800001973670476e-08
2023-03-08 19:00:00,1.0,1.05452,9998.94063,9999.995149999999,-2.7000012448041844e-08
2023-03-08 20:00:00,1.0,1.05427,9998.94063,9999.9949,-2.5000012060516497e-08
2023-03-08 21:00:00,1.0,1.0546,9998.94063,9999.995229999999,3.300001671924235e-08
2023-03-08 22:00:00,1.0,1.05477,9998.94063,9999.9954,1.700000828996906e-08
2023-03-08 23:00:00,1.0,1.05442,9998.94063,9999.99505,-3.500001610756698e-08
2023-03-09 00:00:00,1.0,1.05425,9998.94063,9999.994879999998,-1.7000008512013665e-08
2023-03-09 01:00:00,1.0,1.05487,9998.94063,9999.995499999999,6.200003177525559e-08
2023-03-09 02:00:00,1.0,1.05468,9998.94063,9999.995309999998,-1.9000008566472104e-08
2023-03-09 03:00:00,1.0,1.05405,9998.94063,9999.99468,-6.300002941550531e-08
2023-03-09 04:00:00,1.0,1.05454,9998.94063,9999.995169999998,4.900002581464946e-08
2023-03-09 05:00:00,1.0,1.05492,9998.94063,9999.99555,3.800001846521184e-08
2023-03-09 06:00:00,1.0,1.05519,9998.94063,9999.995819999998,2.700001178190803e-08
2023-03-09 07:00:00,1.0,1.05524,9998.94063,9999.995869999999,5.000002190058694e-09
2023-03-09 08:00:00,1.0,1.05513,9998.94063,9999.99576,-1.100000446285776e-08
2023-03-09 09:00:00,1.0,1.05563,9998.94063,9999.99626,5.000002123445313e-08
2023-03-09 10:00:00,1.0,1.05575,9998.94063,9999.996379999999,1.2000004323553526e-08
2023-03-09 11:00:00,1.0,1.05585,9998.94063,9999.99648,1.0000003713983574e-08
2023-03-09 12:00:00,1.0,1.05664,9998.94063,9999.99727,7.900002785277138e-08
2023-03-09 13:00:00,1.0,1.05711,9998.94063,9999.997739999999,4.7000012770581634e-08
2023-03-09 14:00:00,1.0,1.05594,9998.94063,9999.99657,-1.1700002644499108e-07
2023-03-09 15:00:00,1.0,1.05743,9998.94063,9999.99806,1.4900005118612114e-07
2023-03-09 16:00:00,1.0,1.05753,9998.94063,9999.99816,1.0000001937626735e-08
2023-03-09 17:00:00,1.0,1.05686,9998.94063,9999.99749,-6.700001231596531e-08
2023-03-09 18:00:00,1.0,1.05758,9998.94063,9999.99821,7.200001816975998e-08
2023-03-09 19:00:00,1.0,1.05772,9998.94063,9999.99835,1.4000002490632824e-08
2023-03-09 20:00:00,1.0,1.05897,9998.94063,9999.9996,1.250000205565982e-07
2023-03-09 21:00:00,1.0,1.05758,9998.94063,9999.99821,-1.3900000550570724e-07
2023-03-09 22:00:00,1.0,1.05793,9998.94063,9999.99856,3.500000622658206e-08
2023-03-09 23:00:00,1.0,1.05814,9998.94063,9999.998769999998,2.1000002847770816e-08
2023-03-10 00:00:00,1.0,1.05808,9998.94063,9999.99871,-6.0000006074645285e-09
2023-03-10 01:00:00,1.0,1.05851,9998.94063,9999.99914,4.30000055562374e-08
2023-03-10 02:00:00,1.0,1.05986,9998.94063,10000.000489999999,1.350000113919947e-07
2023-03-10 03:00:00,1.0,1.05946,9998.94063,10000.00009,-3.999999798054432e-08
2023-03-10 04:00:00,1.0,1.05896,9998.94063,9999.99959,-4.999999958510415e-08
2023-03-10 05:00:00,1.0,1.05967,9998.94063,10000.0003,7.100000298798648e-08
2023-03-10 06:00:00,1.0,1.05945,9998.94063,10000.00008,-2.1999999377797508e-08
2023-03-10 07:00:00,1.0,1.05867,9998.94063,9999.9993,-7.799999945934388e-08
2023-03-10 08:00:00,1.0,1.05837,9998.94063,9999.999,-3.000000203812192e-08
2023-03-10 09:00:00,1.0,1.05948,9998.94063,10000.000109999999,1.1100001096053802e-07
2023-03-10 10:00:00,1.0,1.05917,9998.94063,9999.9998,-3.0999999567349334e-08
2023-03-10 11:00:00,1.0,1.05814,9998.94063,9999.998769999998,-1.0300000219398697e-07
2023-03-10 12:00:00,1.0,1.05878,9998.94063,9999.999409999999,6.4000007959919e-08
2023-03-10 13:00:00,1.0,1.05896,9998.94063,9999.99959,1.8000001045237468e-08
2023-03-10 14:00:00,1.0,1.05944,9998.94063,10000.00007,4.8000001973136364e-08
2023-03-10 15:00:00,1.0,1.06217,9998.94063,10000.002799999998,2.7299999794117014e-07
2023-03-10 16:00:00,1.0,1.06665,9998.94063,10000.00728,4.4799987475308e-07
2023-03-10 17:00:00,1.0,1.06874,9998.94063,10000.00937,2.0899984787270398e-07
2023-03-10 18:00:00,1.0,1.06589,9998.94063,10000.006519999999,-2.849997330356402e-07
2023-03-10 19:00:00,1.0,1.06685,9998.94063,10000.007479999998,9.599993733289125e-08
2023-03-10 20:00:00,1.0,1.06432,9998.94063,10000.004949999999,-2.529998107680953e-07
2023-03-10 21:00:00,1.0,1.06434,9998.94063,10000.00497,1.9999990552577174e-09
2023-03-10 22:00:00,1.0,1.06372,9998.94063,10000.00435,-6.19999692696993e-08
2023-03-10 23:00:00,1.0,1.06381,9998.94063,10000.004439999999,8.999996081726636e-09
2023-03-13 00:00:00,1.0,1.06921,9998.94063,10000.009839999999,5.399997602406614e-07
2023-03-13 01:00:00,1.0,1.06808,9998.94063,10000.008709999998,-1.1299988889046375e-07
2023-03-13 02:00:00,1.0,1.06814,9998.94063,10000.008769999999,5.999994723282498e-09
2023-03-13 03:00:00,1.0,1.06686,9998.94063,10000.00749,-1.2799988757805636e-07
2023-03-13 04:00:00,1.0,1.07303,9998.94063,10000.013659999999,6.169995376836823e-07
2023-03-13 05:00:00,1.0,1.0717,9998.94063,10000.01233,-1.3299981826975227e-07
2023-03-13 06:00:00,1.0,1.07178,9998.94063,10000.01241,7.999990225826537e-09
2023-03-13 07:00:00,1.0,1.07204,9998.94063,10000.012669999998,2.5999967512291278e-08
2023-03-13 08:00:00,1.0,1.07214,9998.94063,10000.01277,9.999987504727414e-09
2023-03-13 09:00:00,1.0,1.07254,9998.94063,10000.013169999998,3.9999948908686633e-08
2023-03-13 10:00:00,1.0,1.07076,9998.94063,10000.01139,-1.77999765482717e-07
2023-03-13 11:00:00,1.0,1.06704,9998.94063,10000.007669999999,-3.7199957636513403e-07
2023-03-13 12:00:00,1.0,1.06742,9998.94063,10000.008049999999,3.799997072562178e-08
2023-03-13 13:00:00,1.0,1.06641,9998.94063,10000.007039999999,-1.0099991865075708e-07
2023-03-13 14:00:00,1.0,1.06964,9998.94063,10000.010269999999,3.229997727061118e-07
2023-03-13 15:00:00,1.0,1.06994,9998.94063,10000.010569999999,2.999996917552039e-08
2023-03-13 16:00:00,1.0,1.07227,9998.94063,10000.0129,2.3299975393520356e-07
2023-03-13 17:00:00,1.0,1.07333,9998.94063,10000.013959999998,1.059998631092185e-07
2023-03-13 18:00:00,1.0,1.07397,9998.94063,10000.014599999999,6.399991070438205e-08
2023-03-13 19:00:00,1.0,1.07384,9998.94063,10000.014469999998,-1.299998109161038e-08
2023-03-13 20:00:00,1.0,1.0734,9998.94063,10000.014029999998,-4.399993636106103e-08
2023-03-13 21:00:00,1.0,1.07298,9998.94063,10000.01361,-4.1999940969539296e-08
2023-03-13 22:00:00,1.0,1.07308,9998.94063,10000.01371,9.99998639450439e-09
2023-03-13 23:00:00,1.0,1.07286,9998.94063,10000.01349,-2.1999969845865053e-08
2023-03-14 00:00:00,1.0,1.07268,9998.94063,10000.013309999998,-1.799997584317481e-08
2023-03-14 01:00:00,1.0,1.07228,9998.94063,10000.01291,-3.9999946688240584e-08
2023-03-14 02:00:00,1.0,1.07191,9998.94063,10000.01254,-3.69999522131792e-08
2023-03-14 03:00:00,1.0,1.07085,9998.94063,10000.01148,-1.0599986710602138e-07
2023-03-14 04:00:00,1.0,1.07008,9998.94063,10000.010709999999,-7.699991166898457e-08
2023-03-14 05:00:00,1.0,1.07027,9998.94063,10000.0109,1.8999979811695766e-08
2023-03-14 06:00:00,1.0,1.07026,9998.94063,10000.01089,-9.99998861495044e-10
2023-03-14 07:00:00,1.0,1.07076,9998.94063,10000.01139,4.999994551724285e-08
2023-03-14 08:00:00,1.0,1.06974,9998.94063,10000.01037,-1.0199988376147218e-07
2023-03-14 09:00:00,1.0,1.06899,9998.94063,10000.009619999999,-7.499992238368947e-08
2023-03-14 10:00:00,1.0,1.07065,9998.94063,10000.011279999999,1.6599984031806514e-07
2023-03-14 11:00:00,1.0,1.07114,9998.94063,10000.01177,4.8999944768368664e-08
2023-03-14 12:00:00,1.0,1.07203,9998.94063,10000.012659999999,8.899989523136753e-08
2023-03-14 13:00:00,1.0,1.07219,9998.94063,10000.01282,1.5999979785519258e-08
2023-03-14 14:00:00,1.0,1.07356,9998.94063,10000.01419,1.3699982437387348e-07
2023-03-14 15:00:00,1.0,1.07081,9998.94063,10000.011439999998,-2.7499960997268147e-07
2023-03-14 16:00:00,1.0,1.07178,9998.94063,10000.01241,9.699988923195235e-08
2023-03-14 17:00:00,1.0,1.07212,9998.94063,10000.01275,3.399995796016242e-08
2023-03-14 18:00:00,1.0,1.07174,9998.94063,10000.012369999999,-3.7999951629785755e-08
2023-03-14 19:00:00,1.0,1.0733,9998.94063,10000.01393,1.559998070721491e-07
2023-03-14 20:00:00,1.0,1.07418,9998.94063,10000.014809999999,8.799987738505877e-08
2023-03-14 21:00:00,1.0,1.07417,9998.94063,10000.014799999999,-9.999985284281365e-10
2023-03-14 22:00:00,1.0,1.07324,9998.94063,10000.013869999999,-9.299986236666058e-08
2023-03-14 23:00:00,1.0,1.07309,9998.94063,10000.013719999999,-1.4999979147667375e-08
2023-03-15 00:00:00,1.0,1.07319,9998.94063,10000.013819999998,9.999986172459785e-09
2023-03-15 01:00:00,1.0,1.07268,9998.94063,10000.013309999998,-5.0999929501749364e-08
2023-03-15 02:00:00,1.0,1.0734,9998.94063,10000.014029999998,7.199990426087766e-08
2023-03-15 03:00:00,1.0,1.07381,9998.94063,10000.014439999999,4.099994255213346e-08
2023-03-15 04:00:00,1.0,1.07562,9998.94063,10000.016249999999,1.8099973853047402e-07
2023-03-15 05:00:00,1.0,1.0751,9998.94063,10000.01573,-5.199991548465732e-08
2023-03-15 06:00:00,1.0,1.07449,9998.94063,10000.01512,-6.099990390584509e-08
2023-03-15 07:00:00,1.0,1.07382,9998.94063,10000.014449999999,-6.699989885117219e-08
2023-03-15 08:00:00,1.0,1.07343,9998.94063,10000.01406,-3.8999943607898047e-08
2023-03-15 09:00:00,1.0,1.07375,9998.94063,10000.014379999999,3.199995490810181e-08
2023-03-15 10:00:00,1.0,1.07317,9998.94063,10000.013799999999,-5.799991653621106e-08
2023-03-15 11:00:00,1.0,1.06781,9998.94063,10000.00844,-5.359992601983166e-07
2023-03-15 12:00:00,1.0,1.06268,9998.94063,10000.003309999998,-5.129995671593335e-07
2023-03-15 13:00:00,1.0,1.05876,9998.94063,9999.999389999999,-3.9199987011961923e-07
2023-03-15 14:00:00,1.0,1.05567,9998.94063,9999.996299999999,-3.090000189054365e-07
2023-03-15 15:00:00,1.0,1.05452,9998.94063,9999.995149999999,-1.150000425997888e-07
2023-03-15 16:00:00,1.0,1.05473,9998.94063,9999.995359999999,2.1000010175242778e-08
2023-03-15 17:00:00,1.0,1.05338,9998.94063,9999.994009999999,-1.3500006268429843e-07
2023-03-15 18:00:00,1.0,1.05422,9998.94063,9999.99485,8.400005047093373e-08
2023-03-15 19:00:00,1.0,1.05569,9998.94063,9999.996319999998,1.4700007566759155e-07
2023-03-15 20:00:00,1.0,1.05858,9998.94063,9999.99921,2.8900010651256025e-07
2023-03-15 21:00:00,1.0,1.05803,9998.94063,9999.99866,-5.50000044396981e-08
2023-03-15 22:00:00,1.0,1.05761,9998.94063,9999.998239999999,-4.200000569554163e-08
2023-03-15 23:00:00,1.0,1.05766,9998.94063,9999.99829,5.000000857791065e-09
2023-03-16 00:00:00,1.0,1.05783,9998.94063,9999.998459999999,1.7000002738853937e-08
2023-03-16 01:00:00,1.0,1.05816,9998.94063,9999.99879,3.30000051729229e-08
2023-03-16 02:00:00,1.0,1.05897,9998.94063,9999.9996,8.100000981059452e-08
2023-03-16 03:00:00,1.0,1.05938,9998.94063,10000.00001,4.100000161599837e-08
2023-03-16 04:00:00,1.0,1.05924,9998.94063,9999.99987,-1.400000004814217e-08
2023-03-16 05:00:00,1.0,1.05987,9998.94063,10000.000499999998,6.300000077175127e-08
2023-03-16 06:00:00,1.0,1.06026,9998.94063,10000.00089,3.8999998119848556e-08
2023-03-16 07:00:00,1.0,1.06072,9998.94063,10000.001349999999,4.599999581245129e-08
2023-03-16 08:00:00,1.0,1.06057,9998.94063,10000.001199999999,-1.499999791043649e-08
2023-03-16 09:00:00,1.0,1.06248,9998.94063,10000.00311,1.909999771676496e-07
2023-03-16 10:00:00,1.0,1.06125,9998.94063,10000.00188,-1.2299996177134176e-07
2023-03-16 11:00:00,1.0,1.06174,9998.94063,10000.002369999998,4.8999990731601883e-08
2023-03-16 12:00:00,1.0,1.06162,9998.94063,10000.00225,-1.1999996996081563e-08
2023-03-16 13:00:00,1.0,1.06131,9998.94063,10000.001939999998,-3.099999312805579e-08
2023-03-16 14:00:00,1.0,1.05878,9998.94063,9999.999409999999,-2.52999950878241e-07
2023-03-16 15:00:00,1.0,1.06066,9998.94063,10000.001289999998,1.8800001111429765e-07
2023-03-16 16:00:00,1.0,1.06003,9998.94063,10000.00066,-6.299999177894477e-08
2023-03-16 17:00:00,1.0,1.06214,9998.94063,10000.00277,2.1099998592788438e-07
2023-03-16 18:00:00,1.0,1.06187,9998.94063,10000.002499999999,-2.6999992575049703e-08
2023-03-16 19:00:00,1.0,1.05922,9998.94063,9999.999849999998,-2.6499993377449016e-07
2023-03-16 20:00:00,1.0,1.06123,9998.94063,10000.001859999998,2.0100000308609367e-07
2023-03-16 21:00:00,1.0,1.06149,9998.94063,10000.00212,2.5999995267866893e-08
2023-03-16 22:00:00,1.0,1.0616,9998.94063,10000.00223,1.0999997801519612e-08
2023-03-16 23:00:00,1.0,1.06115,9998.94063,10000.001779999999,-4.499999006757349e-08
2023-03-17 00:00:00,1.0,1.06121,9998.94063,10000.001839999999,5.9999989421299915e-09
2023-03-17 01:00:00,1.0,1.06136,9998.94063,10000.001989999999,1.4999997244302676e-08
2023-03-17 02:00:00,1.0,1.06182,9998.94063,10000.00245,4.599999092746998e-08
2023-03-17 03:00:00,1.0,1.0626,9998.94063,10000.003229999998,7.799998069657477e-08
2023-03-17 04:00:00,1.0,1.06337,9998.94063,10000.003999999999,7.699997528476388e-08
2023-03-17 05:00:00,1.0,1.06402,9998.94063,10000.004649999999,6.499997406983482e-08
2023-03-17 06:00:00,1.0,1.06492,9998.94063,10000.00555,8.99999581527311e-08
2023-03-17 07:00:00,1.0,1.06487,9998.94063,10000.0055,-4.999997305077386e-09
2023-03-17 08:00:00,1.0,1.06628,9998.94063,10000.006909999998,1.4099992240446113e-07
2023-03-17 09:00:00,1.0,1.06626,9998.94063,10000.006889999999,-1.9999986111685075e-09
2023-03-17 10:00:00,1.0,1.06523,9998.94063,10000.00586,-1.0299992903028965e-07
2023-03-17 11:00:00,1.0,1.0647,9998.94063,10000.00533,-5.2999968858102875e-08
2023-03-17 12:00:00,1.0,1.06333,9998.94063,10000.00396,-1.3699992695848096e-07
2023-03-17 13:00:00,1.0,1.06297,9998.94063,10000.0036,-3.5999985770196474e-08
2023-03-17 14:00:00,1.0,1.0626,9998.94063,10000.003229999998,-3.699998685213757e-08
2023-03-17 15:00:00,1.0,1.06256,9998.94063,10000.00319,-3.999998554604645e-09
2023-03-17 16:00:00,1.0,1.06337,9998.94063,10000.003999999999,8.099997406141313e-08
2023-03-17 17:00:00,1.0,1.06465,9998.94063,10000.00528,1.2799994886236732e-07
2023-03-17 18:00:00,1.0,1.06675,9998.94063,10000.00738,2.0999988903369626e-07
2023-03-17 19:00:00,1.0,1.06729,9998.94063,10000.00792,5.3999960281103654e-08
2023-03-17 20:00:00,1.0,1.06808,9998.94063,10000.008709999998,7.899993725857257e-08
2023-03-17 21:00:00,1.0,1.06614,9998.94063,10000.00677,-1.9399983086643147e-07
2023-03-17 22:00:00,1.0,1.06653,9998.94063,10000.00716,3.899997347289741e-08
2023-03-20 00:00:00,1.0,1.06698,9998.94063,10000.007609999999,4.49999677520907e-08
2023-03-20 01:00:00,1.0,1.06807,9998.94063,10000.008699999998,1.08999917092234e-07
2023-03-20 02:00:00,1.0,1.06808,9998.94063,10000.008709999998,9.999991945619513e-10
2023-03-20 03:00:00,1.0,1.06748,9998.94063,10000.008109999999,-5.999994767691419e-08
2023-03-20 04:00:00,1.0,1.06796,9998.94063,10000.00859,4.799996111692906e-08
2023-03-20 05:00:00,1.0,1.06691,9998.94063,10000.007539999999,-1.0499990987788976e-07
2023-03-20 06:00:00,1.0,1.06697,9998.94063,10000.007599999999,5.999995611460918e-09
2023-03-20 07:00:00,1.0,1.06794,9998.94063,10000.00857,9.699992631340137e-08
2023-03-20 08:00:00,1.0,1.06612,9998.94063,10000.006749999999,-1.8199984419542403e-07
2023-03-20 09:00:00,1.0,1.06555,9998.94063,10000.006179999998,-5.699996152852549e-08
2023-03-20 10:00:00,1.0,1.06613,9998.94063,10000.006759999998,5.7999964164778817e-08
2023-03-20 11:00:00,1.0,1.06745,9998.94063,10000.00808,1.3199991077961215e-07
2023-03-20 12:00:00,1.0,1.06962,9998.94063,10000.01025,2.1699982455380962e-07
2023-03-20 13:00:00,1.0,1.0707,9998.94063,10000.01133,1.0799988925391801e-07
2023-03-20 14:00:00,1.0,1.07052,9998.94063,10000.011149999998,-1.7999979728955395e-08
2023-03-20 15:00:00,1.0,1.07238,9998.94063,10000.013009999999,1.8599979267897027e-07
2023-03-20 16:00:00,1.0,1.07269,9998.94063,10000.01332,3.099995971034275e-08
2023-03-20 17:00:00,1.0,1.07212,9998.94063,10000.01275,-5.699992411400956e-08
2023-03-20 18:00:00,1.0,1.07254,9998.94063,10000.013169999998,4.199994618758751e-08
2023-03-20 19:00:00,1.0,1.07161,9998.94063,10000.01224,-9.299987735467141e-08
2023-03-20 20:00:00,1.0,1.07243,9998.94063,10000.01306,8.199989953716624e-08
2023-03-20 21:00:00,1.0,1.07231,9998.94063,10000.012939999999,-1.1999984339539083e-08
2023-03-20 22:00:00,1.0,1.07232,9998.94063,10000.012949999998,9.999987504727414e-10
2023-03-20 23:00:00,1.0,1.07177,9998.94063,10000.0124,-5.499992861146552e-08
2023-03-21 00:00:00,1.0,1.07225,9998.94063,10000.012879999998,4.79999404667808e-08
2023-03-21 01:00:00,1.0,1.07185,9998.94063,10000.01248,-3.999994835357512e-08
2023-03-21 02:00:00,1.0,1.07175,9998.94063,10000.012379999998,-9.999987615749717e-09
2023-03-21 03:00:00,1.0,1.07169,9998.94063,10000.01232,-5.999992391814146e-09
2023-03-21 04:00:00,1.0,1.07221,9998.94063,10000.01284,5.1999935912760975e-08
2023-03-21 05:00:00,1.0,1.07159,9998.94063,10000.012219999999,-6.199992041988622e-08
2023-03-21 06:00:00,1.0,1.07122,9998.94063,10000.011849999999,-3.6999954766692156e-08
2023-03-21 07:00:00,1.0,1.07157,9998.94063,10000.0122,3.4999958486992e-08
2023-03-21 08:00:00,1.0,1.07075,9998.94063,10000.01138,-8.199989987023315e-08
2023-03-21 09:00:00,1.0,1.0719,9998.94063,10000.01253,1.1499986918295235e-07
2023-03-21 10:00:00,1.0,1.073,9998.94063,10000.01363,1.0999986210791235e-07
2023-03-21 11:00:00,1.0,1.07462,9998.94063,10000.015249999999,1.619997791468819e-07
2023-03-21 12:00:00,1.0,1.07632,9998.94063,10000.01695,1.699997407289544e-07
2023-03-21 13:00:00,1.0,1.07786,9998.94063,10000.018489999999,1.5399973896101926e-07
2023-03-21 14:00:00,1.0,1.07813,9998.94063,10000.018759999999,2.699995005350786e-08
2023-03-21 15:00:00,1.0,1.07769,9998.94063,10000.01832,-4.399991748726961e-08
2023-03-21 16:00:00,1.0,1.07743,9998.94063,10000.018059999999,-2.5999952413258143e-08
2023-03-21 17:00:00,1.0,1.07688,9998.94063,10000.01751,-5.4999900522823e-08
2023-03-21 18:00:00,1.0,1.07677,9998.94063,10000.017399999999,-1.0999980815107335e-08
2023-03-21 19:00:00,1.0,1.07643,9998.94063,10000.017059999998,-3.399994086272784e-08
2023-03-21 20:00:00,1.0,1.07648,9998.94063,10000.017109999999,4.999991531917658e-09
2023-03-21 21:00:00,1.0,1.07695,9998.94063,10000.01758,4.699991973389217e-08
2023-03-21 22:00:00,1.0,1.07693,9998.94063,10000.017559999998,-1.999996612767063e-09
2023-03-21 23:00:00,1.0,1.07667,9998.94063,10000.0173,-2.5999954189614982e-08
2023-03-22 00:00:00,1.0,1.07698,9998.94063,10000.017609999999,3.0999946387666455e-08
2023-03-22 01:00:00,1.0,1.07727,9998.94063,10000.017899999999,2.8999948886720972e-08
2023-03-22 02:00:00,1.0,1.07679,9998.94063,10000.017419999998,-4.7999914154495116e-08
2023-03-22 03:00:00,1.0,1.07726,9998.94063,10000.01789,4.6999918179579936e-08
2023-03-22 04:00:00,1.0,1.07692,9998.94063,10000.017549999999,-3.39999391973933e-08
2023-03-22 05:00:00,1.0,1.077,9998.94063,10000.017629999998,7.999986006979043e-09
2023-03-22 06:00:00,1.0,1.07688,9998.94063,10000.01751,-1.1999978677401657e-08
2023-03-22 07:00:00,1.0,1.07726,9998.94063,10000.01789,3.799993342212815e-08
2023-03-22 08:00:00,1.0,1.07668,9998.94063,10000.01731,-5.799989621912971e-08
2023-03-22 09:00:00,1.0,1.07657,9998.94063,10000.017199999998,-1.099998103715194e-08
2023-03-22 10:00:00,1.0,1.07802,9998.94063,10000.01865,1.449997506508538e-07
2023-03-22 11:00:00,1.0,1.07867,9998.94063,10000.0193,6.499987881269931e-08
2023-03-22 12:00:00,1.0,1.07924,9998.94063,10000.019869999998,5.69998899191404e-08
2023-03-22 13:00:00,1.0,1.07972,9998.94063,10000.020349999999,4.7999904717599406e-08
2023-03-22 14:00:00,1.0,1.07819,9998.94063,10000.01882,-1.5299968858517587e-07
2023-03-22 15:00:00,1.0,1.07815,9998.94063,10000.018779999999,-3.999992559400312e-09
2023-03-22 16:00:00,1.0,1.07953,9998.94063,10000.02016,1.379997409678424e-07
2023-03-22 17:00:00,1.0,1.07913,9998.94063,10000.01976,-3.999991948777648e-08
2023-03-22 18:00:00,1.0,1.07989,9998.94063,10000.02052,7.599984996886633e-08
2023-03-22 19:00:00,1.0,1.07935,9998.94063,10000.01998,-5.399988933785238e-08
2023-03-22 20:00:00,1.0,1.08808,9998.94063,10000.028709999999,8.72998255685431e-07
2023-03-22 21:00:00,1.0,1.08656,9998.94063,10000.027189999999,-1.5199956360234523e-07
2023-03-22 22:00:00,1.0,1.08593,9998.94063,10000.026559999998,-6.299982879820476e-08
2023-03-22 23:00:00,1.0,1.08574,9998.94063,10000.02637,-1.899994939158489e-08
2023-03-23 00:00:00,1.0,1.08579,9998.94063,10000.026419999998,4.99998664693635e-09
2023-03-23 01:00:00,1.0,1.08689,9998.94063,10000.02752,1.0999970956326877e-07
2023-03-23 02:00:00,1.0,1.08835,9998.94063,10000.02898,1.4599959818895059e-07
2023-03-23 03:00:00,1.0,1.08863,9998.94063,10000.02926,2.7999918827958936e-08
2023-03-23 04:00:00,1.0,1.08956,9998.94063,10000.03019,9.29997279186523e-08
2023-03-23 05:00:00,1.0,1.09009,9998.94063,10000.030719999999,5.2999839850187414e-08
2023-03-23 06:00:00,1.0,1.09037,9998.94063,10000.030999999999,2.7999913942977628e-08
2023-03-23 07:00:00,1.0,1.09047,9998.94063,10000.031099999998,9.9999688529806e-09
2023-03-23 08:00:00,1.0,1.09152,9998.94063,10000.03215,1.0499967362243012e-07
2023-03-23 09:00:00,1.0,1.09062,9998.94063,10000.03125,-8.99997105729966e-08
2023-03-23 10:00:00,1.0,1.08998,9998.94063,10000.03061,-6.399980001514649e-08
2023-03-23 11:00:00,1.0,1.08858,9998.94063,10000.029209999999,-1.3999957160226728e-07
2023-03-23 12:00:00,1.0,1.08772,9998.94063,10000.028349999999,-8.599974876677408e-08
2023-03-23 13:00:00,1.0,1.08759,9998.94063,10000.028219999998,-1.2999963217019683e-08
2023-03-23 14:00:00,1.0,1.08734,9998.94063,10000.02797,-2.4999929348901162e-08
2023-03-23 15:00:00,1.0,1.0887,9998.94063,10000.02933,1.3599961956600737e-07
2023-03-23 16:00:00,1.0,1.08914,9998.94063,10000.02977,4.399987085790258e-08
2023-03-23 17:00:00,1.0,1.089,9998.94063,10000.029629999999,-1.3999958303756443e-08
2023-03-23 18:00:00,1.0,1.08956,9998.94063,10000.03019,5.5999834103204194e-08
2023-03-23 19:00:00,1.0,1.08688,9998.94063,10000.02751,-2.679991908394186e-07
2023-03-23 20:00:00,1.0,1.08418,9998.94063,10000.024809999999,-2.699992572852139e-07
2023-03-23 21:00:00,1.0,1.08401,9998.94063,10000.02464,-1.699995777482144e-08
2023-03-23 22:00:00,1.0,1.08323,9998.94063,10000.02386,-7.799980783484983e-08
2023-03-23 23:00:00,1.0,1.0832,9998.94063,10000.023829999998,-2.9999929207491505e-09
2023-03-24 00:00:00,1.0,1.08314,9998.94063,10000.02377,-5.9999855084313936e-09
2023-03-24 01:00:00,1.0,1.08346,9998.94063,10000.024089999999,3.1999923821857124e-08
2023-03-24 02:00:00,1.0,1.08326,9998.94063,10000.023889999999,-1.9999951805793614e-08
2023-03-24 03:00:00,1.0,1.0825,9998.94063,10000.02313,-7.599981832751013e-08
2023-03-24 04:00:00,1.0,1.08206,9998.94063,10000.02269,-4.3999898169388985e-08
2023-03-24 05:00:00,1.0,1.08287,9998.94063,10000.0235,8.099981618769903e-08
2023-03-24 06:00:00,1.0,1.08343,9998.94063,10000.02406,5.599986852011796e-08
2023-03-24 07:00:00,1.0,1.08336,9998.94063,10000.02399,-6.99998314868111e-09
2023-03-24 08:00:00,1.0,1.08248,9998.94063,10000.023109999998,-8.7999789011306e-08
2023-03-24 09:00:00,1.0,1.08282,9998.94063,10000.023449999999,3.399992154484721e-08
2023-03-24 10:00:00,1.0,1.07802,9998.94063,10000.01865,-4.799988743142691e-07
2023-03-24 11:00:00,1.0,1.07258,9998.94063,10000.01321,-5.439989855249294e-07
2023-03-24 12:00:00,1.0,1.07278,9998.94063,10000.01341,1.99999736771872e-08
2023-03-24 13:00:00,1.0,1.07384,9998.94063,10000.014469999998,1.0599985778014798e-07
2023-03-24 14:00:00,1.0,1.07494,9998.94063,10000.01557,1.0999984101367488e-07
2023-03-24 15:00:00,1.0,1.0757,9998.94063,10000.016329999999,7.599988149920023e-08
2023-03-24 16:00:00,1.0,1.075,9998.94063,10000.01563,-6.99998855546724e-08
2023-03-24 17:00:00,1.0,1.07611,9998.94063,10000.01674,1.1099982644147133e-07
2023-03-24 18:00:00,1.0,1.07574,9998.94063,10000.01637,-3.6999938002324484e-08
2023-03-24 19:00:00,1.0,1.07616,9998.94063,10000.01679,4.199993131059898e-08
2023-03-24 20:00:00,1.0,1.07606,9998.94063,10000.016689999999,-9.999983285879921e-09
2023-03-24 21:00:00,1.0,1.0759,9998.94063,10000.016529999999,-1.5999973235203413e-08
2023-03-24 22:00:00,1.0,1.07601,9998.94063,10000.01664,1.0999981814308057e-08
2023-03-27 00:00:00,1.0,1.07644,9998.94063,10000.01707,4.299992850675949e-08
2023-03-27 01:00:00,1.0,1.07776,9998.94063,10000.01839,1.3199977466626933e-07
2023-03-27 02:00:00,1.0,1.07778,9998.94063,10000.018409999999,1.9999961686778533e-09
2023-03-27 03:00:00,1.0,1.0761,9998.94063,10000.01673,-1.6799969060343756e-07
2023-03-27 04:00:00,1.0,1.07615,9998.94063,10000.01678,4.999991753962263e-09
2023-03-27 05:00:00,1.0,1.07698,9998.94063,10000.017609999999,8.299986054005615e-08
2023-03-27 06:00:00,1.0,1.07715,9998.94063,10000.017779999998,1.6999970098297013e-08
2023-03-27 07:00:00,1.0,1.07679,9998.94063,10000.017419999998,-3.599993603220497e-08
2023-03-27 08:00:00,1.0,1.07654,9998.94063,10000.01717,-2.499995632732066e-08
2023-03-27 09:00:00,1.0,1.07635,9998.94063,10000.016979999999,-1.8999967488220193e-08
2023-03-27 10:00:00,1.0,1.07515,9998.94063,10000.01578,-1.1999979609988998e-07
2023-03-27 11:00:00,1.0,1.07667,9998.94063,10000.0173,1.519997601118206e-07
2023-03-27 12:00:00,1.0,1.07662,9998.94063,10000.017249999999,-4.9999914208953555e-09
2023-03-27 13:00:00,1.0,1.07678,9998.94063,10000.017409999999,1.5999972458047296e-08
2023-03-27 14:00:00,1.0,1.07718,9998.94063,10000.01781,3.9999930478984425e-08
2023-03-27 15:00:00,1.0,1.07731,9998.94063,10000.01794,1.2999976872762886e-08
2023-03-27 16:00:00,1.0,1.07843,9998.94063,10000.019059999999,1.1199979899068069e-07
2023-03-27 17:00:00,1.0,1.07816,9998.94063,10000.018789999998,-2.6999948610217928e-08
2023-03-27 18:00:00,1.0,1.07879,9998.94063,10000.019419999999,6.299988175584303e-08
2023-03-27 19:00:00,1.0,1.07911,9998.94063,10000.01974,3.199993803271184e-08
2023-03-27 20:00:00,1.0,1.0794,9998.94063,10000.02003,2.8999942669472034e-08
2023-03-27 21:00:00,1.0,1.07957,9998.94063,10000.020199999999,1.699996587944952e-08
2023-03-27 22:00:00,1.0,1.07973,9998.94063,10000.020359999999,1.5999967573065987e-08
2023-03-27 23:00:00,1.0,1.07977,9998.94063,10000.0204,3.999991893266497e-09
2023-03-28 00:00:00,1.0,1.07964,9998.94063,10000.020269999999,-1.2999973542093812e-08
2023-03-28 01:00:00,1.0,1.0799,9998.94063,10000.02053,2.599994730623223e-08
2023-03-28 02:00:00,1.0,1.08063,9998.94063,10000.02126,7.299985016473443e-08
2023-03-28 03:00:00,1.0,1.08157,9998.94063,10000.0222,9.399980016588927e-08
2023-03-28 04:00:00,1.0,1.0815,9998.94063,10000.02213,-6.99998448094874e-09
2023-03-28 05:00:00,1.0,1.08139,9998.94063,10000.022019999999,-1.0999975708081422e-08
2023-03-28 06:00:00,1.0,1.08151,9998.94063,10000.02214,1.1999973681398046e-08
2023-03-28 07:00:00,1.0,1.08123,9998.94063,10000.021859999999,-2.7999938034817262e-08
2023-03-28 08:00:00,1.0,1.08103,9998.94063,10000.021659999999,-1.9999956357708015e-08
2023-03-28 09:00:00,1.0,1.08082,9998.94063,10000.021449999998,-2.0999954553069244e-08
2023-03-28 10:00:00,1.0,1.08205,9998.94063,10000.02268,1.2299973639606776e-07
2023-03-28 11:00:00,1.0,1.08123,9998.94063,10000.021859999999,-8.199981416101565e-08
2023-03-28 12:00:00,1.0,1.08165,9998.94063,10000.02228,4.199990821796007e-08
2023-03-28 13:00:00,1.0,1.08226,9998.94063,10000.022889999998,6.09998640488385e-08
2023-03-28 14:00:00,1.0,1.08314,9998.94063,10000.02377,8.799979878126862e-08
2023-03-28 15:00:00,1.0,1.08395,9998.94063,10000.02458,8.099980752795943e-08
2023-03-28 16:00:00,1.0,1.08243,9998.94063,10000.02306,-1.5199962632994612e-07
2023-03-28 17:00:00,1.0,1.08321,9998.94063,10000.02384,7.79998201583254e-08
2023-03-28 18:00:00,1.0,1.08428,9998.94063,10000.024909999998,1.0699974484218444e-07
2023-03-28 19:00:00,1.0,1.0842,9998.94063,10000.024829999998,-7.99998001177471e-09
2023-03-28 20:00:00,1.0,1.08377,9998.94063,10000.024399999998,-4.2999893201667305e-08
2023-03-28 21:00:00,1.0,1.08433,9998.94063,10000.024959999999,5.5999863413092044e-08
2023-03-28 22:00:00,1.0,1.08479,9998.94063,10000.02542,4.5999885234238036e-08
2023-03-28 23:00:00,1.0,1.08444,9998.94063,10000.02507,-3.499991108046885e-08
2023-03-29 00:00:00,1.0,1.08392,9998.94063,10000.024549999998,-5.199986974346871e-08
2023-03-29 01:00:00,1.0,1.08412,9998.94063,10000.024749999999,1.9999951028637497e-08
2023-03-29 02:00:00,1.0,1.08388,9998.94063,10000.02451,-2.3999940590435642e-08
2023-03-29 03:00:00,1.0,1.08471,9998.94063,10000.025339999998,8.299979636916532e-08
2023-03-29 04:00:00,1.0,1.08449,9998.94063,10000.025119999998,-2.1999944199713184e-08
2023-03-29 05:00:00,1.0,1.08377,9998.94063,10000.024399999998,-7.199981910677167e-08
2023-03-29 06:00:00,1.0,1.08364,9998.94063,10000.02427,-1.2999968102000992e-08
2023-03-29 07:00:00,1.0,1.08375,9998.94063,10000.024379999999,1.0999973154568465e-08
2023-03-29 08:00:00,1.0,1.08321,9998.94063,10000.02384,-5.399986824361491e-08
2023-03-29 09:00:00,1.0,1.08229,9998.94063,10000.02292,-9.19997806825279e-08
2023-03-29 10:00:00,1.0,1.08368,9998.94063,10000.024309999999,1.3899968132058405e-07
2023-03-29 11:00:00,1.0,1.08329,9998.94063,10000.02392,-3.899990508315909e-08
2023-03-29 12:00:00,1.0,1.08599,9998.94063,10000.026619999999,2.6999935398563935e-07
2023-03-29 13:00:00,1.0,1.08575,9998.94063,10000.02638,-2.399993603852124e-08
2023-03-29 14:00:00,1.0,1.08551,9998.94063,10000.02614,-2.3999936593632754e-08
2023-03-29 15:00:00,1.0,1.08537,9998.94063,10000.026,-1.3999963410782357e-08
2023-03-29 16:00:00,1.0,1.08469,9998.94063,10000.025319999999,-6.799982332772458e-08
2023-03-29 17:00:00,1.0,1.08312,9998.94063,10000.023749999998,-1.5699960254078604e-07
2023-03-29 18:00:00,1.0,1.08251,9998.94063,10000.02314,-6.0999855056032e-08
2023-03-29 19:00:00,1.0,1.08278,9998.94063,10000.02341,2.6999937619009984e-08
2023-03-29 20:00:00,1.0,1.08465,9998.94063,10000.02528,1.8699956227941072e-07
2023-03-29 21:00:00,1.0,1.08445,9998.94063,10000.02508,-1.9999949474325263e-08
2023-03-29 22:00:00,1.0,1.08395,9998.94063,10000.02458,-4.9999874573991576e-08
2023-03-29 23:00:00,1.0,1.08444,9998.94063,10000.02507,4.8999879487254816e-08
2023-03-30 00:00:00,1.0,1.08396,9998.94063,10000.024589999999,-4.799987973758135e-08
2023-03-30 01:00:00,1.0,1.08441,9998.94063,10000.025039999999,4.499988937034516e-08
2023-03-30 02:00:00,1.0,1.08427,9998.94063,10000.024899999999,-1.3999964965094591e-08
2023-03-30 03:00:00,1.0,1.08376,9998.94063,10000.024389999999,-5.099987299139741e-08
2023-03-30 04:00:00,1.0,1.08318,9998.94063,10000.023809999999,-5.7999858582569175e-08
2023-03-30 05:00:00,1.0,1.08305,9998.94063,10000.023679999998,-1.2999969101201714e-08
2023-03-30 06:00:00,1.0,1.08329,9998.94063,10000.02392,2.3999943365993204e-08
2023-03-30 07:00:00,1.0,1.08391,9998.94063,10000.024539999999,6.19998514750364e-08
2023-03-30 08:00:00,1.0,1.08417,9998.94063,10000.0248,2.5999936204001983e-08
2023-03-30 09:00:00,1.0,1.08463,9998.94063,10000.025259999999,4.599988590037185e-08
2023-03-30 10:00:00,1.0,1.0855,9998.94063,10000.026129999998,8.699978026882604e-08
2023-03-30 11:00:00,1.0,1.08732,9998.94063,10000.02795,1.8199952456221524e-07
2023-03-30 12:00:00,1.0,1.08606,9998.94063,10000.026689999999,-1.259996479374692e-07
2023-03-30 13:00:00,1.0,1.08788,9998.94063,10000.028509999998,1.819995141261188e-07
2023-03-30 14:00:00,1.0,1.0879,9998.94063,10000.02853,1.999994392321014e-09
2023-03-30 15:00:00,1.0,1.09103,9998.94063,10000.031659999999,3.1299910685511634e-07
2023-03-30 16:00:00,1.0,1.09171,9998.94063,10000.03234,6.799978491400793e-08
2023-03-30 17:00:00,1.0,1.09127,9998.94063,10000.0319,-4.3999857646248586e-08
2023-03-30 18:00:00,1.0,1.08982,9998.94063,10000.030449999998,-1.4499953759905537e-07
2023-03-30 19:00:00,1.0,1.0905,9998.94063,10000.03113,6.799979312965831e-08
2023-03-30 20:00:00,1.0,1.09,9998.94063,10000.03063,-4.9999844375925306e-08
2023-03-30 21:00:00,1.0,1.09054,9998.94063,10000.031169999998,5.3999834603857266e-08
2023-03-30 22:00:00,1.0,1.09068,9998.94063,10000.031309999998,1.3999956305354999e-08
2023-03-30 23:00:00,1.0,1.0905,9998.94063,10000.03113,-1.7999943535684793e-08
2023-03-31 00:00:00,1.0,1.09046,9998.94063,10000.031089999999,-3.999987674419003e-09
2023-03-31 01:00:00,1.0,1.09023,9998.94063,10000.030859999999,-2.2999928406264303e-08
2023-03-31 02:00:00,1.0,1.09042,9998.94063,10000.03105,1.8999941397979114e-08
2023-03-31 03:00:00,1.0,1.09157,9998.94063,10000.0322,1.1499964291949993e-07
2023-03-31 04:00:00,1.0,1.09081,9998.94063,10000.031439999999,-7.599975537786463e-08
2023-03-31 05:00:00,1.0,1.09073,9998.94063,10000.031359999999,-7.999974793726494e-09
2023-03-31 06:00:00,1.0,1.09068,9998.94063,10000.031309999998,-4.9999844264903e-09
2023-03-31 07:00:00,1.0,1.09034,9998.94063,10000.03097,-3.399989345620469e-08
2023-03-31 08:00:00,1.0,1.08955,9998.94063,10000.03018,-7.899975529301884e-08
2023-03-31 09:00:00,1.0,1.09038,9998.94063,10000.031009999999,8.299974951775368e-08
2023-03-31 10:00:00,1.0,1.08848,9998.94063,10000.02911,-1.8999941076014437e-07
2023-03-31 11:00:00,1.0,1.08895,9998.94063,10000.029579999999,4.6999863112517914e-08
2023-03-31 12:00:00,1.0,1.08837,9998.94063,10000.028999999999,-5.7999828384502905e-08
2023-03-31 13:00:00,1.0,1.08693,9998.94063,10000.027559999999,-1.439995823693252e-07
2023-03-31 14:00:00,1.0,1.08672,9998.94063,10000.027349999998,-2.099994211857137e-08
2023-03-31 15:00:00,1.0,1.08872,9998.94063,10000.029349999999,1.999994529988669e-07
2023-03-31 16:00:00,1.0,1.08915,9998.94063,10000.029779999999,4.299987388378668e-08
2023-03-31 17:00:00,1.0,1.0867,9998.94063,10000.027329999999,-2.4499927042676006e-07
2023-03-31 18:00:00,1.0,1.08719,9998.94063,10000.02782,4.899986616457852e-08
2023-03-31 19:00:00,1.0,1.08694,9998.94063,10000.027569999998,-2.499993057014649e-08
2023-03-31 20:00:00,1.0,1.08531,9998.94063,10000.02594,-1.629995505236792e-07
2023-03-31 21:00:00,1.0,1.08556,9998.94063,10000.026189999999,2.4999935011038588e-08
2023-03-31 22:00:00,1.0,1.08458,9998.94063,10000.02521,-9.799974320934268e-08
2023-03-31 23:00:00,1.0,1.08429,9998.94063,10000.02492,-2.8999926904305084e-08
2023-04-03 00:00:00,1.0,1.08404,9998.94063,10000.024669999999,-2.499993778659615e-08
2023-04-03 01:00:00,1.0,1.0819,9998.94063,10000.022529999998,-2.139994721428451e-07
2023-04-03 02:00:00,1.0,1.08023,9998.94063,10000.020859999999,-1.669996236852711e-07
2023-04-03 03:00:00,1.0,1.08138,9998.94063,10000.022009999999,1.1499976015905133e-07
2023-04-03 04:00:00,1.0,1.08075,9998.94063,10000.021379999998,-6.299986132773938e-08
2023-04-03 05:00:00,1.0,1.07937,9998.94063,10000.019999999999,-1.379997048855941e-07
2023-04-03 06:00:00,1.0,1.079,9998.94063,10000.019629999999,-3.699992601191582e-08
2023-04-03 07:00:00,1.0,1.07931,9998.94063,10000.019939999998,3.099993906019449e-08
2023-04-03 08:00:00,1.0,1.07954,9998.94063,10000.02017,2.299995438548308e-08
2023-04-03 09:00:00,1.0,1.08149,9998.94063,10000.02212,1.9499960668412086e-07
2023-04-03 10:00:00,1.0,1.08391,9998.94063,10000.024539999999,2.4199946468961286e-07
2023-04-03 11:00:00,1.0,1.08429,9998.94063,10000.02492,3.799990677677556e-08
2023-04-03 12:00:00,1.0,1.0851,9998.94063,10000.02573,8.099979820208603e-08
2023-04-03 13:00:00,1.0,1.08704,9998.94063,10000.02767,1.9399950090814855e-07
2023-04-03 14:00:00,1.0,1.08768,9998.94063,10000.02831,6.39998229967631e-08
2023-04-03 15:00:00,1.0,1.08651,9998.94063,10000.027139999998,-1.1699966895317715e-07
2023-04-03 16:00:00,1.0,1.08845,9998.94063,10000.029079999998,1.9399947359666214e-07
2023-04-03 17:00:00,1.0,1.08871,9998.94063,10000.02934,2.5999924435637922e-08
2023-04-03 18:00:00,1.0,1.08904,9998.94063,10000.02967,3.2999903254449237e-08
2023-04-03 19:00:00,1.0,1.08887,9998.94063,10000.029499999999,-1.699994967019336e-08
2023-04-03 20:00:00,1.0,1.08871,9998.94063,10000.02934,-1.599995280709976e-08
2023-04-03 21:00:00,1.0,1.08967,9998.94063,10000.030299999999,9.599971817486619e-08
2023-04-03 22:00:00,1.0,1.09063,9998.94063,10000.03126,9.599970929308199e-08
2023-04-03 23:00:00,1.0,1.09031,9998.94063,10000.030939999999,-3.1999900063084397e-08
2023-04-04 00:00:00,1.0,1.09001,9998.94063,10000.030639999999,-2.9999907114053315e-08
2023-04-04 01:00:00,1.0,1.09036,9998.94063,10000.03099,3.499989276178894e-08
2023-04-04 02:00:00,1.0,1.09066,9998.94063,10000.031289999999,2.999990700303101e-08
2023-04-04 03:00:00,1.0,1.0901,9998.94063,10000.030729999999,-5.5999824777330787e-08
2023-04-04 04:00:00,1.0,1.08932,9998.94063,10000.029949999998,-7.799976031730438e-08
2023-04-04 05:00:00,1.0,1.08908,9998.94063,10000.029709999999,-2.3999928044915464e-08
2023-04-04 06:00:00,1.0,1.08888,9998.94063,10000.029509999998,-1.9999940592541066e-08
2023-04-04 07:00:00,1.0,1.08945,9998.94063,10000.030079999999,5.699983174345391e-08
2023-04-04 08:00:00,1.0,1.08857,9998.94063,10000.029199999999,-8.799973527651161e-08
2023-04-04 09:00:00,1.0,1.09073,9998.94063,10000.031359999999,2.1599936927962915e-07
2023-04-04 10:00:00,1.0,1.09252,9998.94063,10000.03315,1.7899943860477663e-07
2023-04-04 11:00:00,1.0,1.09171,9998.94063,10000.03234,-8.099973147768225e-08
2023-04-04 12:00:00,1.0,1.09313,9998.94063,10000.033759999998,1.4199954057048103e-07
2023-04-04 13:00:00,1.0,1.09209,9998.94063,10000.03272,-1.039996487817163e-07
2023-04-04 14:00:00,1.0,1.08976,9998.94063,10000.03039,-2.329992375704748e-07
2023-04-04 15:00:00,1.0,1.08913,9998.94063,10000.02976,-6.299980859214571e-08
2023-04-04 16:00:00,1.0,1.09037,9998.94063,10000.030999999999,1.239996310076208e-07
2023-04-04 17:00:00,1.0,1.09696,9998.94063,10000.03759,6.589979570925664e-07
2023-04-04 18:00:00,1.0,1.09506,9998.94063,10000.035689999999,-1.899992858600541e-07
2023-04-04 19:00:00,1.0,1.09463,9998.94063,10000.035259999999,-4.299984657230027e-08
2023-04-04 20:00:00,1.0,1.09484,9998.94063,10000.035469999999,2.099992602033751e-08
2023-04-04 21:00:00,1.0,1.09534,9998.94063,10000.035969999999,4.9999822726576326e-08
2023-04-04 22:00:00,1.0,1.09574,9998.94063,10000.03637,3.9999856094041775e-08
2023-04-04 23:00:00,1.0,1.0956,9998.94063,10000.03623,-1.3999949088905339e-08
2023-04-05 00:00:00,1.0,1.09544,9998.94063,10000.036069999998,-1.5999942148958723e-08
2023-04-05 01:00:00,1.0,1.09571,9998.94063,10000.036339999999,2.699990275800701e-08
2023-04-05 02:00:00,1.0,1.09576,9998.94063,10000.03639,4.999981983999646e-09
2023-04-05 03:00:00,1.0,1.09606,9998.94063,10000.036689999999,2.999989079377485e-08
2023-04-05 04:00:00,1.0,1.09574,9998.94063,10000.03637,-3.199988252156061e-08
2023-04-05 05:00:00,1.0,1.09609,9998.94063,10000.036719999998,3.4999872555729894e-08
2023-04-05 06:00:00,1.0,1.09597,9998.94063,10000.0366,-1.199995580680735e-08
2023-04-05 07:00:00,1.0,1.0955,9998.94063,10000.036129999999,-4.6999828029470336e-08
2023-04-05 08:00:00,1.0,1.09579,9998.94063,10000.036419999999,2.899989515192658e-08
2023-04-05 09:00:00,1.0,1.09485,9998.94063,10000.035479999999,-9.399965761325291e-08
2023-04-05 10:00:00,1.0,1.09504,9998.94063,10000.03567,1.8999932738239522e-08
2023-04-05 11:00:00,1.0,1.09513,9998.94063,10000.035759999999,8.99996788206181e-09
2023-04-05 12:00:00,1.0,1.09522,9998.94063,10000.035849999998,8.999967660017205e-09
2023-04-05 13:00:00,1.0,1.09458,9998.94063,10000.03521,-6.399977037219173e-08
2023-04-05 14:00:00,1.0,1.09412,9998.94063,10000.034749999999,-4.599983816078179e-08
2023-04-05 15:00:00,1.0,1.09579,9998.94063,10000.036419999999,1.6699941962627918e-07
2023-04-05 16:00:00,1.0,1.09401,9998.94063,10000.03464,-1.7799935159157343e-07
2023-04-05 17:00:00,1.0,1.09098,9998.94063,10000.03161,-3.029989503744446e-07
2023-04-05 18:00:00,1.0,1.09174,9998.94063,10000.032369999999,7.599975959671212e-08
2023-04-05 19:00:00,1.0,1.08968,9998.94063,10000.030309999998,-2.0599933325815556e-07
2023-04-05 20:00:00,1.0,1.09006,9998.94063,10000.03069,3.799988501640428e-08
2023-04-05 21:00:00,1.0,1.09091,9998.94063,10000.03154,8.4999739247138e-08
2023-04-05 22:00:00,1.0,1.09038,9998.94063,10000.031009999999,-5.299983296680466e-08
2023-04-05 23:00:00,1.0,1.09056,9998.94063,10000.03119,1.7999944201818607e-08
2023-04-06 00:00:00,1.0,1.09059,9998.94063,10000.031219999999,2.9999904782584963e-09
2023-04-06 01:00:00,1.0,1.09099,9998.94063,10000.03162,3.99998751898778e-08
2023-04-06 02:00:00,1.0,1.0903,9998.94063,10000.030929999999,-6.899978188812383e-08
2023-04-06 03:00:00,1.0,1.08939,9998.94063,10000.030019999998,-9.099971864934275e-08
2023-04-06 04:00:00,1.0,1.08922,9998.94063,10000.029849999999,-1.6999948893037242e-08
2023-04-06 05:00:00,1.0,1.08866,9998.94063,10000.029289999999,-5.5999832881958866e-08
2023-04-06 06:00:00,1.0,1.08919,9998.94063,10000.02982,5.299984495721333e-08
2023-04-06 07:00:00,1.0,1.08928,9998.94063,10000.02991,8.999973211132328e-09
2023-04-06 08:00:00,1.0,1.08948,9998.94063,10000.03011,1.9999940148451856e-08
2023-04-06 09:00:00,1.0,1.09022,9998.94063,10000.03085,7.399977719479978e-08
2023-04-06 10:00:00,1.0,1.09069,9998.94063,10000.03132,4.699985511891214e-08
2023-04-06 11:00:00,1.0,1.08995,9998.94063,10000.030579999999,-7.399976831301558e-08
2023-04-06 12:00:00,1.0,1.09087,9998.94063,10000.0315,9.199971873208312e-08
2023-04-06 13:00:00,1.0,1.09,9998.94063,10000.03063,-8.699972597892014e-08
2023-04-06 14:00:00,1.0,1.09153,9998.94063,10000.032159999999,1.5299953126657329e-07
2023-04-06 15:00:00,1.0,1.08922,9998.94063,10000.029849999999,-2.309992570559416e-07
2023-04-06 16:00:00,1.0,1.08968,9998.94063,10000.030309999998,4.5999862585688334e-08
2023-04-06 17:00:00,1.0,1.09232,9998.94063,10000.032949999999,2.639991998343305e-07
2023-04-06 18:00:00,1.0,1.09261,9998.94063,10000.033239999999,2.8999904477799987e-08
2023-04-06 19:00:00,1.0,1.09343,9998.94063,10000.03406,8.199972745259743e-08
2023-04-06 20:00:00,1.0,1.09339,9998.94063,10000.03402,-3.999986453173676e-09
2023-04-06 21:00:00,1.0,1.09312,9998.94063,10000.033749999999,-2.699990819809983e-08
2023-04-06 22:00:00,1.0,1.09232,9998.94063,10000.032949999999,-7.999972995165194e-08
2023-04-06 23:00:00,1.0,1.09192,9998.94063,10000.03255,-3.999986808445044e-08
2023-04-07 00:00:00,1.0,1.09172,9998.94063,10000.03235,-1.999993493040364e-08
2023-04-07 01:00:00,1.0,1.09168,9998.94063,10000.032309999999,-3.999987119307491e-09
2023-04-07 02:00:00,1.0,1.09194,9998.94063,10000.03257,2.5999915997942935e-08
2023-04-07 03:00:00,1.0,1.09155,9998.94063,10000.032179999998,-3.899987310873598e-08
2023-04-07 04:00:00,1.0,1.09177,9998.94063,10000.0324,2.1999929433746956e-08
2023-04-07 05:00:00,1.0,1.09204,9998.94063,10000.032669999999,2.6999912305925022e-08
2023-04-07 06:00:00,1.0,1.09196,9998.94063,10000.032589999999,-7.999973794525772e-09
2023-04-07 07:00:00,1.0,1.09147,9998.94063,10000.032099999999,-4.899984029638205e-08
2023-04-07 08:00:00,1.0,1.09172,9998.94063,10000.03235,2.4999919912005453e-08
2023-04-07 09:00:00,1.0,1.09182,9998.94063,10000.032449999999,9.999967520712971e-09
2023-04-07 10:00:00,1.0,1.09155,9998.94063,10000.032179999998,-2.6999912416947325e-08
2023-04-07 11:00:00,1.0,1.09156,9998.94063,10000.03219,9.99996974115902e-10
2023-04-07 12:00:00,1.0,1.09137,9998.94063,10000.032,-1.899993895548846e-08
2023-04-07 13:00:00,1.0,1.09217,9998.94063,10000.032799999999,7.999974394046205e-08
2023-04-07 14:00:00,1.0,1.09175,9998.94063,10000.032379999999,-4.199986225472685e-08
2023-04-07 15:00:00,1.0,1.09036,9998.94063,10000.03099,-1.3899954987017793e-07
2023-04-07 16:00:00,1.0,1.08985,9998.94063,10000.03048,-5.099984190515272e-08
2023-04-07 17:00:00,1.0,1.09149,9998.94063,10000.03212,1.6399950020229426e-07
2023-04-07 18:00:00,1.0,1.09121,9998.94063,10000.03184,-2.799991005719704e-08
2023-04-07 19:00:00,1.0,1.091,9998.94063,10000.03163,-2.099993312576487e-08
2023-04-07 20:00:00,1.0,1.09081,9998.94063,10000.031439999999,-1.8999939954689182e-08
2023-04-07 21:00:00,1.0,1.09074,9998.94063,10000.031369999999,-6.999978041655197e-09
2023-04-07 22:00:00,1.0,1.09042,9998.94063,10000.03105,-3.1999899507972884e-08
2023-04-07 23:00:00,1.0,1.08984,9998.94063,10000.03047,-5.799981994680792e-08
2023-04-10 00:00:00,1.0,1.08995,9998.94063,10000.030579999999,1.0999966493230318e-08
2023-04-10 01:00:00,1.0,1.09088,9998.94063,10000.031509999999,9.299971570619903e-08
2023-04-10 02:00:00,1.0,1.0913,9998.94063,10000.03193,4.199986758379737e-08
2023-04-10 03:00:00,1.0,1.09034,9998.94063,10000.03097,-9.599969341689274e-08
2023-04-10 04:00:00,1.0,1.09005,9998.94063,10000.03068,-2.8999910139937413e-08
2023-04-10 05:00:00,1.0,1.08985,9998.94063,10000.03048,-1.9999938705161924e-08
2023-04-10 06:00:00,1.0,1.08991,9998.94063,10000.03054,5.999981844695412e-09
2023-04-10 07:00:00,1.0,1.08964,9998.94063,10000.03027,-2.699991763499554e-08
2023-04-10 08:00:00,1.0,1.08994,9998.94063,10000.030569999999,2.999990922347706e-08
2023-04-10 09:00:00,1.0,1.0905,9998.94063,10000.03113,5.5999828774133675e-08
2023-04-10 10:00:00,1.0,1.09168,9998.94063,10000.032309999999,1.1799963250958001e-07
2023-04-10 11:00:00,1.0,1.0912,9998.94063,10000.03183,-4.799984476555608e-08
2023-04-10 12:00:00,1.0,1.09062,9998.94063,10000.03125,-5.799981539489352e-08
2023-04-10 13:00:00,1.0,1.09062,9998.94063,10000.03125,0.0
2023-04-10 14:00:00,1.0,1.0889,9998.94063,10000.02953,-1.7199946256152288e-07
2023-04-10 15:00:00,1.0,1.08489,9998.94063,10000.02552,-4.0099881593036457e-07
2023-04-10 16:00:00,1.0,1.08383,9998.94063,10000.024459999999,-1.0599972954938863e-07
2023-04-10 17:00:00,1.0,1.08384,9998.94063,10000.024469999998,9.99997418205112e-10
2023-04-10 18:00:00,1.0,1.08392,9998.94063,10000.024549999998,7.99998045586392e-09
2023-04-10 19:00:00,1.0,1.08477,9998.94063,10000.025399999999,8.499979142762015e-08
2023-04-10 20:00:00,1.0,1.08558,9998.94063,10000.02621,8.099979442732774e-08
2023-04-10 21:00:00,1.0,1.08592,9998.94063,10000.026549999999,3.399991066466157e-08
2023-04-10 22:00:00,1.0,1.0863,9998.94063,10000.02693,3.799989922725899e-08
2023-04-10 23:00:00,1.0,1.08613,9998.94063,10000.026759999999,-1.6999954333130063e-08
2023-04-11 00:00:00,1.0,1.08577,9998.94063,10000.026399999999,-3.599990361369265e-08
2023-04-11 01:00:00,1.0,1.08645,9998.94063,10000.02708,6.799982066318933e-08
2023-04-11 02:00:00,1.0,1.08687,9998.94063,10000.027499999998,4.1999886013499577e-08
2023-04-11 03:00:00,1.0,1.08776,9998.94063,10000.02839,8.899975534326643e-08
2023-04-11 04:00:00,1.0,1.08784,9998.94063,10000.02847,7.999977347239451e-09
2023-04-11 05:00:00,1.0,1.08826,9998.94063,10000.02889,4.1999880462384453e-08
2023-04-11 06:00:00,1.0,1.08816,9998.94063,10000.028789999998,-9.999971184448952e-09
2023-04-11 07:00:00,1.0,1.08826,9998.94063,10000.02889,9.999971295471255e-09
2023-04-11 08:00:00,1.0,1.08944,9998.94063,10000.030069999999,1.17999658932888e-07
2023-04-11 09:00:00,1.0,1.08842,9998.94063,10000.02905,-1.0199969324720115e-07
2023-04-11 10:00:00,1.0,1.08956,9998.94063,10000.03019,1.1399966881597834e-07
2023-04-11 11:00:00,1.0,1.0907,9998.94063,10000.03133,1.1399965593739125e-07
2023-04-11 12:00:00,1.0,1.0913,9998.94063,10000.03193,5.999981200766058e-08
2023-04-11 13:00:00,1.0,1.09229,9998.94063,10000.03292,9.899968400617354e-08
2023-04-11 14:00:00,1.0,1.0905,9998.94063,10000.03113,-1.789994107381787e-07
2023-04-11 15:00:00,1.0,1.09121,9998.94063,10000.03184,7.099977894498011e-08
2023-04-11 16:00:00,1.0,1.09214,9998.94063,10000.03277,9.299970393783497e-08
2023-04-11 17:00:00,1.0,1.09112,9998.94063,10000.031749999998,-1.0199966593571475e-07
2023-04-11 18:00:00,1.0,1.09047,9998.94063,10000.031099999998,-6.499979365859332e-08
2023-04-11 19:00:00,1.0,1.08989,9998.94063,10000.030519999998,-5.799981961374101e-08
2023-04-11 20:00:00,1.0,1.09105,9998.94063,10000.03168,1.1599964611086477e-07
2023-04-11 21:00:00,1.0,1.09075,9998.94063,10000.031379999999,-2.999990511565187e-08
2023-04-11 22:00:00,1.0,1.09142,9998.94063,10000.03205,6.699978993829347e-08
2023-04-11 23:00:00,1.0,1.09131,9998.94063,10000.031939999999,-1.099996482789578e-08
2023-04-12 00:00:00,1.0,1.09111,9998.94063,10000.031739999999,-1.9999936151648967e-08
2023-04-12 01:00:00,1.0,1.09166,9998.94063,10000.03229,5.4999825582768835e-08
2023-04-12 02:00:00,1.0,1.0916,9998.94063,10000.032229999999,-5.999980623450085e-09
2023-04-12 03:00:00,1.0,1.09253,9998.94063,10000.033159999999,9.299970038512129e-08
2023-04-12 04:00:00,1.0,1.09261,9998.94063,10000.033239999999,7.999973350436562e-09
2023-04-12 05:00:00,1.0,1.0919,9998.94063,10000.032529999999,-7.099976406799158e-08
2023-04-12 06:00:00,1.0,1.09243,9998.94063,10000.03306,5.299982763773414e-08
2023-04-12 07:00:00,1.0,1.09256,9998.94063,10000.033189999998,1.2999956888748443e-08
2023-04-12 08:00:00,1.0,1.09356,9998.94063,10000.034189999998,9.999966810170235e-08
2023-04-12 09:00:00,1.0,1.09268,9998.94063,10000.033309999999,-8.799969908324101e-08
2023-04-12 10:00:00,1.0,1.09268,9998.94063,10000.033309999999,0.0
2023-04-12 11:00:00,1.0,1.09238,9998.94063,10000.03301,-2.999990000862596e-08
2023-04-12 12:00:00,1.0,1.0928,9998.94063,10000.03343,4.199986136654843e-08
2023-04-12 13:00:00,1.0,1.09248,9998.94063,10000.033109999998,-3.1999893179701644e-08
2023-04-12 14:00:00,1.0,1.09226,9998.94063,10000.032889999999,-2.1999927102278605e-08
2023-04-12 15:00:00,1.0,1.0964,9998.94063,10000.03703,4.1399863848212703e-07
2023-04-12 16:00:00,1.0,1.09744,9998.94063,10000.038069999999,1.0399961469786945e-07
2023-04-12 17:00:00,1.0,1.09761,9998.94063,10000.03824,1.6999935459338644e-08
2023-04-12 18:00:00,1.0,1.09866,9998.94063,10000.039289999999,1.0499959834930905e-07
2023-04-12 19:00:00,1.0,1.09963,9998.94063,10000.04026,9.699961900366816e-08
2023-04-12 20:00:00,1.0,1.09939,9998.94063,10000.040019999999,-2.399990350898662e-08
2023-04-12 21:00:00,1.0,1.09949,9998.94063,10000.04012,9.999960193241009e-09
2023-04-12 22:00:00,1.0,1.09884,9998.94063,10000.03947,-6.499973925766511e-08
2023-04-12 23:00:00,1.0,1.09914,9998.94063,10000.03977,2.9999881467901446e-08
2023-04-13 00:00:00,1.0,1.09906,9998.94063,10000.03969,-7.999968132388346e-09
2023-04-13 01:00:00,1.0,1.09948,9998.94063,10000.04011,4.199983338892821e-08
2023-04-13 02:00:00,1.0,1.09965,9998.94063,10000.04028,1.699993168458036e-08
2023-04-13 03:00:00,1.0,1.10021,9998.94063,10000.04084,5.599977437320547e-08
2023-04-13 04:00:00,1.0,1.09961,9998.94063,10000.040239999998,-5.999975505321942e-08
2023-04-13 05:00:00,1.0,1.09928,9998.94063,10000.03991,-3.2999867061178634e-08
2023-04-13 06:00:00,1.0,1.09884,9998.94063,10000.03947,-4.399982433955785e-08
2023-04-13 07:00:00,1.0,1.099,9998.94063,10000.03963,1.5999936708865903e-08
2023-04-13 08:00:00,1.0,1.09839,9998.94063,10000.039019999998,-6.099975835560656e-08
2023-04-13 09:00:00,1.0,1.09813,9998.94063,10000.03876,-2.5999898456419146e-08
2023-04-13 10:00:00,1.0,1.09994,9998.94063,10000.04057,1.8099929843806706e-07
2023-04-13 11:00:00,1.0,1.10148,9998.94063,10000.042109999999,1.539993752519564e-07
2023-04-13 12:00:00,1.0,1.10232,9998.94063,10000.04295,8.399964634975277e-08
2023-04-13 13:00:00,1.0,1.10142,9998.94063,10000.04205,-8.999961331745965e-08
2023-04-13 14:00:00,1.0,1.10102,9998.94063,10000.04165,-3.999983189117984e-08
2023-04-13 15:00:00,1.0,1.10489,9998.94063,10000.04552,3.869983882243133e-07
2023-04-13 16:00:00,1.0,1.10646,9998.94063,10000.04709,1.569992853500679e-07
2023-04-13 17:00:00,1.0,1.10471,9998.94063,10000.045339999999,-1.7499917603913673e-07
2023-04-13 18:00:00,1.0,1.1053,9998.94063,10000.045929999998,5.8999732432951646e-08
2023-04-13 19:00:00,1.0,1.10557,9998.94063,10000.046199999999,2.699987611265442e-08
2023-04-13 20:00:00,1.0,1.10526,9998.94063,10000.04589,-3.0999856681646065e-08
2023-04-13 21:00:00,1.0,1.10485,9998.94063,10000.045479999999,-4.099981187888346e-08
2023-04-13 22:00:00,1.0,1.10467,9998.94063,10000.0453,-1.7999918000555226e-08
2023-04-13 23:00:00,1.0,1.10473,9998.94063,10000.045359999998,5.99997274086661e-09
2023-04-14 00:00:00,1.0,1.10448,9998.94063,10000.04511,-2.499988649429241e-08
2023-04-14 01:00:00,1.0,1.10478,9998.94063,10000.045409999999,2.999986459251147e-08
2023-04-14 02:00:00,1.0,1.10517,9998.94063,10000.0458,3.899982292665527e-08
2023-04-14 03:00:00,1.0,1.10545,9998.94063,10000.046079999998,2.7999871532458087e-08
2023-04-14 04:00:00,1.0,1.10636,9998.94063,10000.046989999999,9.09995807596431e-08
2023-04-14 05:00:00,1.0,1.10703,9998.94063,10000.047659999998,6.699968513323995e-08
2023-04-14 06:00:00,1.0,1.10702,9998.94063,10000.047649999999,-9.999951977590626e-10
2023-04-14 07:00:00,1.0,1.10691,9998.94063,10000.04754,-1.0999947508416597e-08
2023-04-14 08:00:00,1.0,1.10744,9998.94063,10000.048069999999,5.2999747923720975e-08
2023-04-14 09:00:00,1.0,1.1067,9998.94063,10000.04733,-7.399964419008143e-08
2023-04-14 10:00:00,1.0,1.10655,9998.94063,10000.04718,-1.4999928965586662e-08
2023-04-14 11:00:00,1.0,1.10591,9998.94063,10000.04654,-6.399969809667283e-08
2023-04-14 12:00:00,1.0,1.10626,9998.94063,10000.04689,3.4999837028593106e-08
2023-04-14 13:00:00,1.0,1.10587,9998.94063,10000.046499999999,-3.8999817264517844e-08
2023-04-14 14:00:00,1.0,1.1054,9998.94063,10000.04603,-4.69997814001033e-08
2023-04-14 15:00:00,1.0,1.10347,9998.94063,10000.0441,-1.9299911169223805e-07
2023-04-14 16:00:00,1.0,1.10305,9998.94063,10000.043679999999,-4.19998148482037e-08
2023-04-14 17:00:00,1.0,1.10062,9998.94063,10000.041249999998,-2.4299893863766187e-07
2023-04-14 18:00:00,1.0,1.09789,9998.94063,10000.038519999998,-2.729988738403577e-07
2023-04-14 19:00:00,1.0,1.09778,9998.94063,10000.03841,-1.0999957500423818e-08
2023-04-14 20:00:00,1.0,1.09872,9998.94063,10000.03935,9.39996389615061e-08
2023-04-14 21:00:00,1.0,1.09989,9998.94063,10000.040519999999,1.1699953961219478e-07
2023-04-14 22:00:00,1.0,1.09967,9998.94063,10000.040299999999,-2.1999910893022445e-08
2023-04-14 23:00:00,1.0,1.09946,9998.94063,10000.040089999999,-2.0999915362196475e-08
2023-04-17 00:00:00,1.0,1.09913,9998.94063,10000.03976,-3.2999867616290146e-08
2023-04-17 01:00:00,1.0,1.09869,9998.94063,10000.03932,-4.399982500569166e-08
2023-04-17 02:00:00,1.0,1.09844,9998.94063,10000.039069999999,-2.499990181537015e-08
2023-04-17 03:00:00,1.0,1.09727,9998.94063,10000.0379,-1.1699954283184155e-07
2023-04-17 04:00:00,1.0,1.09712,9998.94063,10000.03775,-1.4999943176441377e-08
2023-04-17 05:00:00,1.0,1.09808,9998.94063,10000.038709999999,9.59996375726746e-08
2023-04-17 06:00:00,1.0,1.09763,9998.94063,10000.03826,-4.499982575456585e-08
2023-04-17 07:00:00,1.0,1.09846,9998.94063,10000.039089999998,8.299968223823839e-08
2023-04-17 08:00:00,1.0,1.09889,9998.94063,10000.039519999998,4.2999831917356346e-08
2023-04-17 09:00:00,1.0,1.09868,9998.94063,10000.039309999998,-2.0999917027531012e-08
2023-04-17 10:00:00,1.0,1.09921,9998.94063,10000.03984,5.2999791666508145e-08
2023-04-17 11:00:00,1.0,1.0965,9998.94063,10000.037129999999,-2.709989204152663e-07
2023-04-17 12:00:00,1.0,1.09806,9998.94063,10000.03869,1.5599942093658115e-07
2023-04-17 13:00:00,1.0,1.09817,9998.94063,10000.038799999998,1.0999957389401516e-08
2023-04-17 14:00:00,1.0,1.09769,9998.94063,10000.03832,-4.799981367931139e-08
2023-04-17 15:00:00,1.0,1.09537,9998.94063,10000.035999999998,-2.3199911114435423e-07
2023-04-17 16:00:00,1.0,1.09322,9998.94063,10000.03385,-2.149992258670963e-07
2023-04-17 17:00:00,1.0,1.09143,9998.94063,10000.03206,-1.7899939408483334e-07
2023-04-17 18:00:00,1.0,1.0914,9998.94063,10000.032029999998,-2.9999904782584963e-09
2023-04-17 19:00:00,1.0,1.09119,9998.94063,10000.031819999998,-2.0999932792697962e-08
2023-04-17 20:00:00,1.0,1.09239,9998.94063,10000.033019999999,1.1999961824216143e-07
2023-04-17 21:00:00,1.0,1.09259,9998.94063,10000.03322,1.9999933931202918e-08
2023-04-17 22:00:00,1.0,1.09311,9998.94063,10000.033739999999,5.199982711090456e-08
2023-04-17 23:00:00,1.0,1.09287,9998.94063,10000.0335,-2.3999918941086662e-08
2023-04-18 00:00:00,1.0,1.09254,9998.94063,10000.033169999999,-3.299988948768373e-08
2023-04-18 01:00:00,1.0,1.09241,9998.94063,10000.033039999998,-1.2999956888748443e-08
2023-04-18 02:00:00,1.0,1.09245,9998.94063,10000.03308,3.9999867862405836e-09
2023-04-18 03:00:00,1.0,1.09252,9998.94063,10000.03315,6.99997682040987e-09
2023-04-18 04:00:00,1.0,1.0933,9998.94063,10000.03393,7.799974155453526e-08
2023-04-18 05:00:00,1.0,1.09339,9998.94063,10000.03402,8.999969436374045e-09
2023-04-18 06:00:00,1.0,1.09357,9998.94063,10000.0342,1.799993887274809e-08
2023-04-18 07:00:00,1.0,1.0937,9998.94063,10000.034329999999,1.2999955334436208e-08
2023-04-18 08:00:00,1.0,1.09423,9998.94063,10000.03486,5.299981808981613e-08
2023-04-18 09:00:00,1.0,1.09492,9998.94063,10000.035549999999,6.899975946161874e-08
2023-04-18 10:00:00,1.0,1.09704,9998.94063,10000.03767,2.1199924638004575e-07
2023-04-18 11:00:00,1.0,1.09812,9998.94063,10000.03875,1.0799959326845965e-07
2023-04-18 12:00:00,1.0,1.09749,9998.94063,10000.03812,-6.299975596757434e-08
2023-04-18 13:00:00,1.0,1.09777,9998.94063,10000.0384,2.799989329282937e-08
2023-04-18 14:00:00,1.0,1.09664,9998.94063,10000.037269999999,-1.1299956614863049e-07
2023-04-18 15:00:00,1.0,1.09558,9998.94063,10000.036209999998,-1.0599960498236527e-07
2023-04-18 16:00:00,1.0,1.09578,9998.94063,10000.036409999999,1.999992771395398e-08
2023-04-18 17:00:00,1.0,1.09623,9998.94063,10000.036859999998,4.4999836079639977e-08
2023-04-18 18:00:00,1.0,1.09573,9998.94063,10000.036359999998,-4.999981573217127e-08
2023-04-18 19:00:00,1.0,1.09703,9998.94063,10000.03766,1.299995275871879e-07
2023-04-18 20:00:00,1.0,1.09684,9998.94063,10000.03747,-1.899992851939203e-08
2023-04-18 21:00:00,1.0,1.09713,9998.94063,10000.03776,2.8999891377168296e-08
2023-04-18 22:00:00,1.0,1.0971,9998.94063,10000.03773,-2.9999885908793544e-09
2023-04-18 23:00:00,1.0,1.09723,9998.94063,10000.037859999999,1.299995089354411e-08
2023-04-19 00:00:00,1.0,1.09706,9998.94063,10000.03769,-1.6999935570360947e-08
2023-04-19 01:00:00,1.0,1.09736,9998.94063,10000.037989999999,2.9999886796971964e-08
2023-04-19 02:00:00,1.0,1.09749,9998.94063,10000.03812,1.2999950671499505e-08
2023-04-19 03:00:00,1.0,1.09827,9998.94063,10000.0389,7.79997026967294e-08
2023-04-19 04:00:00,1.0,1.09695,9998.94063,10000.037579999998,-1.3199948667441674e-07
2023-04-19 05:00:00,1.0,1.09739,9998.94063,10000.03802,4.399983488667658e-08
2023-04-19 06:00:00,1.0,1.09742,9998.94063,10000.03805,2.999988479857052e-09
2023-04-19 07:00:00,1.0,1.09686,9998.94063,10000.037489999999,-5.599978691872565e-08
2023-04-19 08:00:00,1.0,1.09611,9998.94063,10000.03674,-7.499971876878675e-08
2023-04-19 09:00:00,1.0,1.09562,9998.94063,10000.03625,-4.8999819979300696e-08
2023-04-19 10:00:00,1.0,1.09627,9998.94063,10000.0369,6.499976445972777e-08
2023-04-19 11:00:00,1.0,1.09554,9998.94063,10000.03617,-7.299973059371467e-08
2023-04-19 12:00:00,1.0,1.093,9998.94063,10000.03363,-2.539990812122639e-07
2023-04-19 13:00:00,1.0,1.09338,9998.94063,10000.03401,3.799987213781719e-08
2023-04-19 14:00:00,1.0,1.09313,9998.94063,10000.033759999998,-2.4999915027024144e-08
2023-04-19 15:00:00,1.0,1.09498,9998.94063,10000.035609999999,1.8499937559646185e-07
2023-04-19 16:00:00,1.0,1.09602,9998.94063,10000.03665,1.0399962979690258e-07
2023-04-19 17:00:00,1.0,1.09573,9998.94063,10000.036359999998,-2.8999893930681253e-08
2023-04-19 18:00:00,1.0,1.09531,9998.94063,10000.03594,-4.1999847155693715e-08
2023-04-19 19:00:00,1.0,1.09657,9998.94063,10000.037199999999,1.2599954701819627e-07
2023-04-19 20:00:00,1.0,1.09561,9998.94063,10000.03624,-9.599964279072282e-08
2023-04-19 21:00:00,1.0,1.09527,9998.94063,10000.035899999999,-3.399987680285932e-08
2023-04-19 22:00:00,1.0,1.0955,9998.94063,10000.036129999999,2.2999917304034057e-08
2023-04-19 23:00:00,1.0,1.09558,9998.94063,10000.036209999998,7.999971129990513e-09
2023-04-20 00:00:00,1.0,1.09556,9998.94063,10000.036189999999,-1.999992726986477e-09
2023-04-20 01:00:00,1.0,1.09528,9998.94063,10000.035909999999,-2.799989873292219e-08
2023-04-20 02:00:00,1.0,1.09516,9998.94063,10000.03579,-1.1999956806008072e-08
2023-04-20 03:00:00,1.0,1.09567,9998.94063,10000.0363,5.099981748024618e-08
2023-04-20 04:00:00,1.0,1.09602,9998.94063,10000.03665,3.4999872999819104e-08
2023-04-20 05:00:00,1.0,1.0954,9998.94063,10000.03603,-6.199977287124625e-08
2023-04-20 06:00:00,1.0,1.09595,9998.94063,10000.03658,5.499980182399611e-08
2023-04-20 07:00:00,1.0,1.09592,9998.94063,10000.036549999999,-2.9999891459908667e-09
2023-04-20 08:00:00,1.0,1.0962,9998.94063,10000.03683,2.7999897733721468e-08
2023-04-20 09:00:00,1.0,1.09671,9998.94063,10000.037339999999,5.099981215117566e-08
2023-04-20 10:00:00,1.0,1.09613,9998.94063,10000.036759999999,-5.799978342047041e-08
2023-04-20 11:00:00,1.0,1.09714,9998.94063,10000.037769999999,1.0099962866050305e-07
2023-04-20 12:00:00,1.0,1.09618,9998.94063,10000.03681,-9.599963735063e-08
2023-04-20 13:00:00,1.0,1.09711,9998.94063,10000.03774,9.299965775255714e-08
2023-04-20 14:00:00,1.0,1.09549,9998.94063,10000.036119999999,-1.6199938868144415e-07
2023-04-20 15:00:00,1.0,1.09777,9998.94063,10000.0384,2.279991764275735e-07
2023-04-20 16:00:00,1.0,1.09726,9998.94063,10000.03789,-5.0999804157569884e-08
2023-04-20 17:00:00,1.0,1.09795,9998.94063,10000.038579999999,6.899973836738127e-08
2023-04-20 18:00:00,1.0,1.09695,9998.94063,10000.037579999998,-9.999961425588566e-08
2023-04-20 19:00:00,1.0,1.09673,9998.94063,10000.037359999998,-2.1999917332315988e-08
2023-04-20 20:00:00,1.0,1.09703,9998.94063,10000.03766,2.9999888129239594e-08
2023-04-20 21:00:00,1.0,1.0965,9998.94063,10000.037129999999,-5.299980054829234e-08
2023-04-20 22:00:00,1.0,1.09635,9998.94063,10000.036979999999,-1.4999944286664402e-08
2023-04-20 23:00:00,1.0,1.09698,9998.94063,10000.03761,6.299976718082689e-08
2023-04-21 00:00:00,1.0,1.09682,9998.94063,10000.03745,-1.5999939817490372e-08
2023-04-21 01:00:00,1.0,1.09683,9998.94063,10000.03746,9.999963079820873e-10
2023-04-21 02:00:00,1.0,1.09676,9998.94063,10000.03739,-6.9999738228077035e-09
2023-04-21 03:00:00,1.0,1.09702,9998.94063,10000.037649999998,2.599990267526664e-08
2023-04-21 04:00:00,1.0,1.09652,9998.94063,10000.037149999998,-4.999981173536838e-08
2023-04-21 05:00:00,1.0,1.09652,9998.94063,10000.037149999998,0.0
2023-04-21 06:00:00,1.0,1.0964,9998.94063,10000.03703,-1.1999955251695837e-08
2023-04-21 07:00:00,1.0,1.09605,9998.94063,10000.03668,-3.499987044630615e-08
2023-04-21 08:00:00,1.0,1.09608,9998.94063,10000.036709999998,2.999988923946262e-09
2023-04-21 09:00:00,1.0,1.09419,9998.94063,10000.034819999999,-1.8899930609439508e-07
2023-04-21 10:00:00,1.0,1.09565,9998.94063,10000.036279999998,1.4599949160754022e-07
2023-04-21 11:00:00,1.0,1.09596,9998.94063,10000.03659,3.0999887767890755e-08
2023-04-21 12:00:00,1.0,1.09548,9998.94063,10000.03611,-4.7999824448474726e-08
2023-04-21 13:00:00,1.0,1.09652,9998.94063,10000.037149999998,1.0399962446783206e-07
2023-04-21 14:00:00,1.0,1.09815,9998.94063,10000.038779999999,1.6299939442632194e-07
2023-04-21 15:00:00,1.0,1.09882,9998.94063,10000.039449999998,6.699974020030197e-08
2023-04-21 16:00:00,1.0,1.09558,9998.94063,10000.036209999998,-3.2399872185173706e-07
2023-04-21 17:00:00,1.0,1.09721,9998.94063,10000.037839999999,1.6299940974739968e-07
2023-04-21 18:00:00,1.0,1.09721,9998.94063,10000.037839999999,0.0
2023-04-21 19:00:00,1.0,1.09792,9998.94063,10000.03855,7.099973142743465e-08
2023-04-21 20:00:00,1.0,1.09807,9998.94063,10000.0387,1.4999942177240655e-08
2023-04-21 21:00:00,1.0,1.09767,9998.94063,10000.038299999998,-3.9999845324878436e-08
2023-04-21 22:00:00,1.0,1.09903,9998.94063,10000.039659999999,1.3599947923381706e-07
2023-04-21 23:00:00,1.0,1.09894,9998.94063,10000.039569999999,-8.999964218325829e-09
2023-04-24 00:00:00,1.0,1.09868,9998.94063,10000.039309999998,-2.599989723517382e-08
2023-04-24 01:00:00,1.0,1.09926,9998.94063,10000.03989,5.7999772096195557e-08
2023-04-24 02:00:00,1.0,1.09918,9998.94063,10000.039809999998,-7.999968243410649e-09
2023-04-24 03:00:00,1.0,1.09948,9998.94063,10000.04011,2.999988080176763e-08
2023-04-24 04:00:00,1.0,1.09874,9998.94063,10000.039369999999,-7.399970336496864e-08
2023-04-24 05:00:00,1.0,1.09811,9998.94063,10000.03874,-6.299975185974915e-08
2023-04-24 06:00:00,1.0,1.09816,9998.94063,10000.038789999999,4.999980429687412e-09
2023-04-24 07:00:00,1.0,1.09805,9998.94063,10000.03868,-1.0999957278379213e-08
2023-04-24 08:00:00,1.0,1.09783,9998.94063,10000.03846,-2.1999914889825334e-08
2023-04-24 09:00:00,1.0,1.09749,9998.94063,10000.03812,-3.399986925334275e-08
2023-04-24 10:00:00,1.0,1.09867,9998.94063,10000.039299999999,1.1799955013103158e-07
2023-04-24 11:00:00,1.0,1.10086,9998.94063,10000.04149,2.1899913948963956e-07
2023-04-24 12:00:00,1.0,1.10005,9998.94063,10000.040679999998,-8.099966408714465e-08
2023-04-24 13:00:00,1.0,1.10165,9998.94063,10000.04228,1.5999934932509063e-07
2023-04-24 14:00:00,1.0,1.10024,9998.94063,10000.040869999999,-1.4099940393030863e-07
2023-04-24 15:00:00,1.0,1.10232,9998.94063,10000.04295,2.0799914990377033e-07
2023-04-24 16:00:00,1.0,1.1024,9998.94063,10000.043029999999,7.99996557887539e-09
2023-04-24 17:00:00,1.0,1.10294,9998.94063,10000.04357,5.3999767768431184e-08
2023-04-24 18:00:00,1.0,1.1026,9998.94063,10000.04323,-3.399985193386357e-08
2023-04-24 19:00:00,1.0,1.1034,9998.94063,10000.04403,7.999965423444166e-08
2023-04-24 20:00:00,1.0,1.10441,9998.94063,10000.045039999999,1.0099955538578342e-07
2023-04-24 21:00:00,1.0,1.10466,9998.94063,10000.04529,2.4999887493493134e-08
2023-04-24 22:00:00,1.0,1.10433,9998.94063,10000.04496,-3.299985062987787e-08
2023-04-24 23:00:00,1.0,1.10446,9998.94063,10000.04509,1.2999941567670703e-08
2023-04-25 00:00:00,1.0,1.1046,9998.94063,10000.04523,1.399993698747437e-08
2023-04-25 01:00:00,1.0,1.10509,9998.94063,10000.045719999998,4.899977823491497e-08
2023-04-25 02:00:00,1.0,1.1057,9998.94063,10000.04633,6.099972127415754e-08
2023-04-25 03:00:00,1.0,1.10592,9998.94063,10000.04655,2.1999898125457662e-08
2023-04-25 04:00:00,1.0,1.10569,9998.94063,10000.04632,-2.2999892879127515e-08
2023-04-25 05:00:00,1.0,1.10538,9998.94063,10000.04601,-3.099985634857916e-08
2023-04-25 06:00:00,1.0,1.1053,9998.94063,10000.045929999998,-7.99996335842934e-09
2023-04-25 07:00:00,1.0,1.10513,9998.94063,10000.045759999999,-1.699992180359544e-08
2023-04-25 08:00:00,1.0,1.10492,9998.94063,10000.045549999999,-2.099990392689932e-08
2023-04-25 09:00:00,1.0,1.10516,9998.94063,10000.045789999998,2.399989051937723e-08
2023-04-25 10:00:00,1.0,1.10329,9998.94063,10000.043919999998,-1.8699914372533044e-07
2023-04-25 11:00:00,1.0,1.10397,9998.94063,10000.0446,6.799970142523648e-08
2023-04-25 12:00:00,1.0,1.10305,9998.94063,10000.043679999999,-9.199958972416766e-08
2023-04-25 13:00:00,1.0,1.10207,9998.94063,10000.0427,-9.799957179090768e-08
2023-04-25 14:00:00,1.0,1.10169,9998.94063,10000.042319999999,-3.799983783192573e-08
2023-04-25 15:00:00,1.0,1.10173,9998.94063,10000.04236,3.999983233526905e-09
2023-04-25 16:00:00,1.0,1.09988,9998.94063,10000.040509999999,-1.8499921639048011e-07
2023-04-25 17:00:00,1.0,1.09769,9998.94063,10000.03832,-2.1899911273326467e-07
2023-04-25 18:00:00,1.0,1.09687,9998.94063,10000.037499999999,-8.19996859302563e-08
2023-04-25 19:00:00,1.0,1.09681,9998.94063,10000.037439999998,-5.999977514825616e-09
2023-04-25 20:00:00,1.0,1.09687,9998.94063,10000.037499999999,5.999977625847919e-09
2023-04-25 21:00:00,1.0,1.09724,9998.94063,10000.037869999998,3.699986117489118e-08
2023-04-25 22:00:00,1.0,1.097,9998.94063,10000.037629999999,-2.3999909060101743e-08
2023-04-25 23:00:00,1.0,1.09746,9998.94063,10000.03809,4.5999827058551546e-08
2023-04-26 00:00:00,1.0,1.09737,9998.94063,10000.037999999999,-8.999965883660366e-09
2023-04-26 01:00:00,1.0,1.09782,9998.94063,10000.03845,4.4999829196257224e-08
2023-04-26 02:00:00,1.0,1.09779,9998.94063,10000.038419999999,-2.9999885908793544e-09
2023-04-26 03:00:00,1.0,1.09782,9998.94063,10000.03845,2.999988479857052e-09
2023-04-26 04:00:00,1.0,1.09755,9998.94063,10000.03818,-2.6999896207691165e-08
2023-04-26 05:00:00,1.0,1.09772,9998.94063,10000.038349999999,1.6999935015249434e-08
2023-04-26 06:00:00,1.0,1.09753,9998.94063,10000.038159999998,-1.89999271871244e-08
2023-04-26 07:00:00,1.0,1.09813,9998.94063,10000.03876,5.999977115145327e-08
2023-04-26 08:00:00,1.0,1.09888,9998.94063,10000.039509999999,7.499970933189104e-08
2023-04-26 09:00:00,1.0,1.10068,9998.94063,10000.041309999999,1.7999928880740867e-07
2023-04-26 10:00:00,1.0,1.10194,9998.94063,10000.04257,1.2599947951663637e-07
2023-04-26 11:00:00,1.0,1.10419,9998.94063,10000.04482,2.2499904206441101e-07
2023-04-26 12:00:00,1.0,1.10411,9998.94063,10000.04474,-7.999964135585458e-09
2023-04-26 13:00:00,1.0,1.10451,9998.94063,10000.045139999998,3.9999821010994197e-08
2023-04-26 14:00:00,1.0,1.10463,9998.94063,10000.045259999999,1.199994592582243e-08
2023-04-26 15:00:00,1.0,1.10538,9998.94063,10000.04601,7.499966070412256e-08
2023-04-26 16:00:00,1.0,1.10851,9998.94063,10000.04914,3.129985597372098e-07
2023-04-26 17:00:00,1.0,1.10434,9998.94063,10000.044969999999,-4.169979508361621e-07
2023-04-26 18:00:00,1.0,1.1051,9998.94063,10000.04573,7.599965834437228e-08
2023-04-26 19:00:00,1.0,1.10411,9998.94063,10000.04474,-9.899954733771921e-08
2023-04-26 20:00:00,1.0,1.10375,9998.94063,10000.04438,-3.5999838887690316e-08
2023-04-26 21:00:00,1.0,1.10391,9998.94063,10000.044539999999,1.599992893730473e-08
2023-04-26 22:00:00,1.0,1.10357,9998.94063,10000.044199999998,-3.3999848603194494e-08
2023-04-26 23:00:00,1.0,1.10416,9998.94063,10000.04479,5.89997393163344e-08
2023-04-27 00:00:00,1.0,1.10401,9998.94063,10000.044639999998,-1.499993296238955e-08
2023-04-27 01:00:00,1.0,1.10398,9998.94063,10000.044609999999,-2.9999864814556076e-09
2023-04-27 02:00:00,1.0,1.10452,9998.94063,10000.04515,5.399975910869159e-08
2023-04-27 03:00:00,1.0,1.10458,9998.94063,10000.045209999998,5.99997274086661e-09
2023-04-27 04:00:00,1.0,1.10457,9998.94063,10000.045199999999,-9.999954198036676e-10
2023-04-27 05:00:00,1.0,1.1053,9998.94063,10000.045929999998,7.299967008655983e-08
2023-04-27 06:00:00,1.0,1.10457,9998.94063,10000.045199999999,-7.299966464646701e-08
2023-04-27 07:00:00,1.0,1.10507,9998.94063,10000.045699999999,4.999977409880785e-08
2023-04-27 08:00:00,1.0,1.10597,9998.94063,10000.0466,8.99995888925531e-08
2023-04-27 09:00:00,1.0,1.1056,9998.94063,10000.04623,-3.6999827535133534e-08
2023-04-27 10:00:00,1.0,1.10497,9998.94063,10000.0456,-6.29997087830958e-08
2023-04-27 11:00:00,1.0,1.1053,9998.94063,10000.045929999998,3.2999849519654845e-08
2023-04-27 12:00:00,1.0,1.1038,9998.94063,10000.04443,-1.499993108611264e-07
2023-04-27 13:00:00,1.0,1.10448,9998.94063,10000.04511,6.79996978725228e-08
2023-04-27 14:00:00,1.0,1.10345,9998.94063,10000.04408,-1.0299953534520512e-07
2023-04-27 15:00:00,1.0,1.10131,9998.94063,10000.04194,-2.1399905669738928e-07
2023-04-27 16:00:00,1.0,1.101,9998.94063,10000.04163,-3.099986989330006e-08
2023-04-27 17:00:00,1.0,1.10107,9998.94063,10000.0417,6.999970825205537e-09
2023-04-27 18:00:00,1.0,1.10156,9998.94063,10000.042189999998,4.8999795554394154e-08
2023-04-27 19:00:00,1.0,1.10087,9998.94063,10000.0415,-6.899970883544881e-08
2023-04-27 20:00:00,1.0,1.10225,9998.94063,10000.042879999999,1.3799942721881564e-07
2023-04-27 21:00:00,1.0,1.1027,9998.94063,10000.043329999999,4.499980699179673e-08
2023-04-27 22:00:00,1.0,1.10242,9998.94063,10000.043049999998,-2.7999878748907747e-08
2023-04-27 23:00:00,1.0,1.10284,9998.94063,10000.043469999999,4.1999819178073494e-08
2023-04-28 00:00:00,1.0,1.10245,9998.94063,10000.04308,-3.8999830365149535e-08
2023-04-28 01:00:00,1.0,1.10266,9998.94063,10000.04329,2.0999909589036747e-08
2023-04-28 02:00:00,1.0,1.10315,9998.94063,10000.04378,4.899978800487759e-08
2023-04-28 03:00:00,1.0,1.10346,9998.94063,10000.04409,3.099986423116263e-08
2023-04-28 04:00:00,1.0,1.10266,9998.94063,10000.04329,-7.999964724003661e-08
2023-04-28 05:00:00,1.0,1.1017,9998.94063,10000.042329999998,-9.599958450401402e-08
2023-04-28 06:00:00,1.0,1.10193,9998.94063,10000.04256,2.2999902871134736e-08
2023-04-28 07:00:00,1.0,1.10137,9998.94063,10000.042,-5.599976171666299e-08
2023-04-28 08:00:00,1.0,1.10124,9998.94063,10000.04187,-1.299994545345129e-08
2023-04-28 09:00:00,1.0,1.10252,9998.94063,10000.04315,1.2799946413899477e-07
2023-04-28 10:00:00,1.0,1.10089,9998.94063,10000.041519999999,-1.6299929672669577e-07
2023-04-28 11:00:00,1.0,1.09914,9998.94063,10000.03977,-1.7499927329467369e-07
2023-04-28 12:00:00,1.0,1.09881,9998.94063,10000.039439999999,-3.299986883753547e-08
2023-04-28 13:00:00,1.0,1.0984,9998.94063,10000.03903,-4.099983819116915e-08
2023-04-28 14:00:00,1.0,1.0974,9998.94063,10000.03803,-9.999960970397126e-08
2023-04-28 15:00:00,1.0,1.09846,9998.94063,10000.039089999998,1.0599959665569259e-07
2023-04-28 16:00:00,1.0,1.09994,9998.94063,10000.04057,1.479994216069258e-07
2023-04-28 17:00:00,1.0,1.1037,9998.94063,10000.044329999999,3.7599847457769897e-07
2023-04-28 18:00:00,1.0,1.10396,9998.94063,10000.04459,2.5999884911698246e-08
2023-04-28 19:00:00,1.0,1.10309,9998.94063,10000.04372,-8.699961207003781e-08
2023-04-28 20:00:00,1.0,1.10239,9998.94063,10000.04302,-6.999969404120066e-08
2023-04-28 21:00:00,1.0,1.10171,9998.94063,10000.04234,-6.799970742044081e-08
2023-04-28 22:00:00,1.0,1.10195,9998.94063,10000.04258,2.3999898290938404e-08
2023-04-28 23:00:00,1.0,1.10163,9998.94063,10000.042259999998,-3.1999863869813794e-08
2023-05-01 00:00:00,1.0,1.10181,9998.94063,10000.04244,1.799992399575956e-08
2023-05-01 01:00:00,1.0,1.10114,9998.94063,10000.04177,-6.699971555335082e-08
2023-05-01 02:00:00,1.0,1.10107,9998.94063,10000.0417,-6.9999707141832346e-09
2023-05-01 03:00:00,1.0,1.10055,9998.94063,10000.041179999998,-5.199978325709509e-08
2023-05-01 04:00:00,1.0,1.10039,9998.94063,10000.041019999999,-1.5999934044330644e-08
2023-05-01 05:00:00,1.0,1.10081,9998.94063,10000.041439999999,4.1999827837813086e-08
2023-05-01 06:00:00,1.0,1.1014,9998.94063,10000.042029999999,5.899975552559056e-08
2023-05-01 07:00:00,1.0,1.10064,9998.94063,10000.04127,-7.599968043781047e-08
2023-05-01 08:00:00,1.0,1.10061,9998.94063,10000.041239999999,-2.9999877027009347e-09
2023-05-01 09:00:00,1.0,1.09979,9998.94063,10000.04042,-8.199966172739437e-08
2023-05-01 10:00:00,1.0,1.10035,9998.94063,10000.04098,5.5999773707071654e-08
2023-05-01 11:00:00,1.0,1.09922,9998.94063,10000.03985,-1.1299953694976494e-07
2023-05-01 12:00:00,1.0,1.10033,9998.94063,10000.040959999998,1.1099955754545476e-07
2023-05-01 13:00:00,1.0,1.10089,9998.94063,10000.041519999999,5.5999770598447185e-08
2023-05-01 14:00:00,1.0,1.10134,9998.94063,10000.041969999998,4.499981320904567e-08
2023-05-01 15:00:00,1.0,1.1033,9998.94063,10000.04393,1.9599917755463991e-07
2023-05-01 16:00:00,1.0,1.10182,9998.94063,10000.042449999999,-1.4799934988651842e-07
2023-05-01 17:00:00,1.0,1.09816,9998.94063,10000.038789999999,-3.6599844632778655e-07
2023-05-01 18:00:00,1.0,1.09694,9998.94063,10000.037569999999,-1.2199952681424264e-07
2023-05-01 19:00:00,1.0,1.09676,9998.94063,10000.03739,-1.7999932322432244e-08
2023-05-01 20:00:00,1.0,1.09721,9998.94063,10000.037839999999,4.499983163874788e-08
2023-05-01 21:00:00,1.0,1.09695,9998.94063,10000.037579999998,-2.5999901676065917e-08
2023-05-01 22:00:00,1.0,1.09729,9998.94063,10000.037919999999,3.399987225094492e-08
2023-05-01 23:00:00,1.0,1.09759,9998.94063,10000.038219999999,2.999988613083815e-08
2023-05-02 00:00:00,1.0,1.09752,9998.94063,10000.038149999998,-6.999973267696191e-09
2023-05-02 01:00:00,1.0,1.0974,9998.94063,10000.03803,-1.1999954141472813e-08
2023-05-02 02:00:00,1.0,1.09688,9998.94063,10000.037509999998,-5.199980235293111e-08
2023-05-02 03:00:00,1.0,1.09789,9998.94063,10000.038519999998,1.0099962111098648e-07
2023-05-02 04:00:00,1.0,1.09881,9998.94063,10000.039439999999,9.19996456794081e-08
2023-05-02 05:00:00,1.0,1.09887,9998.94063,10000.039499999999,5.999976293580289e-09
2023-05-02 06:00:00,1.0,1.0984,9998.94063,10000.03903,-4.699981426270483e-08
2023-05-02 07:00:00,1.0,1.09847,9998.94063,10000.0391,6.9999726015623764e-09
2023-05-02 08:00:00,1.0,1.09836,9998.94063,10000.03899,-1.0999957056334608e-08
2023-05-02 09:00:00,1.0,1.09916,9998.94063,10000.039789999999,7.999968798522161e-08
2023-05-02 10:00:00,1.0,1.09858,9998.94063,10000.039209999999,-5.799976920961569e-08
2023-05-02 11:00:00,1.0,1.09717,9998.94063,10000.037799999998,-1.409994472290066e-07
2023-05-02 12:00:00,1.0,1.09528,9998.94063,10000.035909999999,-1.8899928555526913e-07
2023-05-02 13:00:00,1.0,1.0957,9998.94063,10000.036329999999,4.199984915409516e-08
2023-05-02 14:00:00,1.0,1.09677,9998.94063,10000.0374,1.0699961139337688e-07
2023-05-02 15:00:00,1.0,1.09553,9998.94063,10000.03616,-1.239995361945745e-07
2023-05-02 16:00:00,1.0,1.0943,9998.94063,10000.03493,-1.2299955520767014e-07
2023-05-02 17:00:00,1.0,1.09791,9998.94063,10000.03854,3.609987389019409e-07
2023-05-02 18:00:00,1.0,1.09968,9998.94063,10000.040309999998,1.769993176470308e-07
2023-05-02 19:00:00,1.0,1.09999,9998.94063,10000.04062,3.0999875111348274e-08
2023-05-02 20:00:00,1.0,1.09974,9998.94063,10000.040369999999,-2.499989859572338e-08
2023-05-02 21:00:00,1.0,1.10011,9998.94063,10000.040739999999,3.6999850516750143e-08
2023-05-02 22:00:00,1.0,1.10059,9998.94063,10000.04122,4.7999804575482585e-08
2023-05-02 23:00:00,1.0,1.09993,9998.94063,10000.04056,-6.599972790510833e-08
2023-05-03 00:00:00,1.0,1.10012,9998.94063,10000.040749999998,1.89999227462323e-08
2023-05-03 01:00:00,1.0,1.10063,9998.94063,10000.04126,5.099979238920582e-08
2023-05-03 02:00:00,1.0,1.10108,9998.94063,10000.04171,4.4999814319268694e-08
2023-05-03 03:00:00,1.0,1.10173,9998.94063,10000.04236,6.499972893259098e-08
2023-05-03 04:00:00,1.0,1.10228,9998.94063,10000.042909999998,5.4999766962993135e-08
2023-05-03 05:00:00,1.0,1.10253,9998.94063,10000.04316,2.4999892822563652e-08
2023-05-03 06:00:00,1.0,1.10295,9998.94063,10000.04358,4.1999818733984284e-08
2023-05-03 07:00:00,1.0,1.10218,9998.94063,10000.042809999999,-7.699966453333928e-08
2023-05-03 08:00:00,1.0,1.10201,9998.94063,10000.04264,-1.699992713266596e-08
2023-05-03 09:00:00,1.0,1.10308,9998.94063,10000.04371,1.0699954366977238e-07
2023-05-03 10:00:00,1.0,1.10345,9998.94063,10000.04408,3.699983830429687e-08
2023-05-03 11:00:00,1.0,1.10397,9998.94063,10000.0446,5.199977071157491e-08
2023-05-03 12:00:00,1.0,1.10405,9998.94063,10000.044679999999,7.99996424660776e-09
2023-05-03 13:00:00,1.0,1.1033,9998.94063,10000.04393,-7.499966481194775e-08
2023-05-03 14:00:00,1.0,1.10396,9998.94063,10000.04459,6.599971014153994e-08
2023-05-03 15:00:00,1.0,1.10385,9998.94063,10000.044479999999,-1.0999951061130275e-08
2023-05-03 16:00:00,1.0,1.10315,9998.94063,10000.04378,-6.999968849008553e-08
2023-05-03 17:00:00,1.0,1.10528,9998.94063,10000.045909999999,2.1299906749483455e-07
2023-05-03 18:00:00,1.0,1.10478,9998.94063,10000.045409999999,-4.9999770435071866e-08
2023-05-03 19:00:00,1.0,1.1047,9998.94063,10000.045329999999,-7.999963691496248e-09
2023-05-03 20:00:00,1.0,1.10493,9998.94063,10000.045559999999,2.299989576570738e-08
2023-05-03 21:00:00,1.0,1.10601,9998.94063,10000.046639999999,1.0799950800333136e-07
2023-05-03 22:00:00,1.0,1.10547,9998.94063,10000.0461,-5.3999748006461346e-08
2023-05-03 23:00:00,1.0,1.106,9998.94063,10000.046629999999,5.299975569528215e-08
2023-05-04 00:00:00,1.0,1.10615,9998.94063,10000.046779999999,1.4999929964787384e-08
2023-05-04 01:00:00,1.0,1.10679,9998.94063,10000.047419999999,6.399970065018579e-08
2023-05-04 02:00:00,1.0,1.10685,9998.94063,10000.04748,5.999971630643586e-09
2023-05-04 03:00:00,1.0,1.10758,9998.94063,10000.048209999999,7.299965343321446e-08
2023-05-04 04:00:00,1.0,1.10815,9998.94063,10000.04878,5.6999725162043546e-08
2023-05-04 05:00:00,1.0,1.10841,9998.94063,10000.04904,2.5999873143334185e-08
2023-05-04 06:00:00,1.0,1.10813,9998.94063,10000.04876,-2.7999862761696193e-08
2023-05-04 07:00:00,1.0,1.10815,9998.94063,10000.04878,1.9999901734735204e-09
2023-05-04 08:00:00,1.0,1.10838,9998.94063,10000.049009999999,2.29998877721016e-08
2023-05-04 09:00:00,1.0,1.10751,9998.94063,10000.048139999999,-8.699957354529886e-08
2023-05-04 10:00:00,1.0,1.1058,9998.94063,10000.046429999999,-1.7099917681839827e-07
2023-05-04 11:00:00,1.0,1.10401,9998.94063,10000.044639999998,-1.7899916893160395e-07
2023-05-04 12:00:00,1.0,1.10552,9998.94063,10000.046149999998,1.509993259318776e-07
2023-05-04 13:00:00,1.0,1.10606,9998.94063,10000.04669,5.399975089304121e-08
2023-05-04 14:00:00,1.0,1.10745,9998.94063,10000.048079999999,1.3899935091821192e-07
2023-05-04 15:00:00,1.0,1.10095,9998.94063,10000.04158,-6.499968747686324e-07
2023-05-04 16:00:00,1.0,1.10239,9998.94063,10000.04302,1.4399940129194988e-07
2023-05-04 17:00:00,1.0,1.10002,9998.94063,10000.040649999999,-2.3699898044071688e-07
2023-05-04 18:00:00,1.0,1.10083,9998.94063,10000.041459999999,8.09996707484828e-08
2023-05-04 19:00:00,1.0,1.10247,9998.94063,10000.043099999999,1.6399932012411966e-07
2023-05-04 20:00:00,1.0,1.10216,9998.94063,10000.04279,-3.099986634058638e-08
2023-05-04 21:00:00,1.0,1.10158,9998.94063,10000.04221,-5.7999751779114206e-08
2023-05-04 22:00:00,1.0,1.10147,9998.94063,10000.042099999999,-1.0999953614643232e-08
2023-05-04 23:00:00,1.0,1.10138,9998.94063,10000.04201,-8.999962108902082e-09
2023-05-05 00:00:00,1.0,1.10137,9998.94063,10000.042,-9.99995752870575e-10
2023-05-05 01:00:00,1.0,1.10213,9998.94063,10000.042759999998,7.599968077087738e-08
2023-05-05 02:00:00,1.0,1.10228,9998.94063,10000.042909999998,1.4999935737947112e-08
2023-05-05 03:00:00,1.0,1.1025,9998.94063,10000.04313,2.199990567497423e-08
2023-05-05 04:00:00,1.0,1.10354,9998.94063,10000.04417,1.0399955141515704e-07
2023-05-05 05:00:00,1.0,1.10312,9998.94063,10000.043749999999,-4.199981451513679e-08
2023-05-05 06:00:00,1.0,1.1044,9998.94063,10000.04503,1.2799943993613283e-07
2023-05-05 07:00:00,1.0,1.10418,9998.94063,10000.04481,-2.1999900901015224e-08
2023-05-05 08:00:00,1.0,1.104,9998.94063,10000.044629999999,-1.7999919443845158e-08
2023-05-05 09:00:00,1.0,1.10456,9998.94063,10000.045189999999,5.599975017034353e-08
2023-05-05 10:00:00,1.0,1.10269,9998.94063,10000.043319999999,-1.86999154938583e-07
2023-05-05 11:00:00,1.0,1.10283,9998.94063,10000.043459999999,1.3999939429965025e-08
2023-05-05 12:00:00,1.0,1.10274,9998.94063,10000.04337,-8.999960887656755e-09
2023-05-05 13:00:00,1.0,1.10249,9998.94063,10000.043119999998,-2.4999891712340627e-08
2023-05-05 14:00:00,1.0,1.10095,9998.94063,10000.04158,-1.5399933583903902e-07
2023-05-05 15:00:00,1.0,1.09759,9998.94063,10000.038219999999,-3.3599860294053485e-07
2023-05-05 16:00:00,1.0,1.09914,9998.94063,10000.03977,1.5499940775320908e-07
2023-05-05 17:00:00,1.0,1.10069,9998.94063,10000.041319999998,1.5499938355034715e-07
2023-05-05 18:00:00,1.0,1.10248,9998.94063,10000.043109999999,1.7899926030295887e-07
2023-05-05 19:00:00,1.0,1.10322,9998.94063,10000.04385,7.399968104948584e-08
2023-05-05 20:00:00,1.0,1.10116,9998.94063,10000.04179,-2.0599909678065131e-07
2023-05-05 21:00:00,1.0,1.10265,9998.94063,10000.04328,1.489993772807452e-07
2023-05-05 22:00:00,1.0,1.10183,9998.94063,10000.042459999999,-8.19996451850713e-08
2023-05-05 23:00:00,1.0,1.10182,9998.94063,10000.042449999999,-9.99995752870575e-10
2023-05-08 00:00:00,1.0,1.10208,9998.94063,10000.04271,2.5999889796679554e-08
2023-05-08 01:00:00,1.0,1.10162,9998.94063,10000.042249999999,-4.5999803632845726e-08
2023-05-08 02:00:00,1.0,1.10182,9998.94063,10000.042449999999,1.999991550150071e-08
2023-05-08 03:00:00,1.0,1.10242,9998.94063,10000.043049999998,5.99997451722345e-08
2023-05-08 04:00:00,1.0,1.10313,9998.94063,10000.043759999999,7.099969434598563e-08
2023-05-08 05:00:00,1.0,1.1032,9998.94063,10000.043829999999,6.9999692708933026e-09
2023-05-08 06:00:00,1.0,1.1039,9998.94063,10000.04453,6.999969315302224e-08
2023-05-08 07:00:00,1.0,1.10436,9998.94063,10000.044989999999,4.5999795084128436e-08
2023-05-08 08:00:00,1.0,1.1039,9998.94063,10000.04453,-4.599979297470469e-08
2023-05-08 09:00:00,1.0,1.10483,9998.94063,10000.04546,9.299958581010515e-08
2023-05-08 10:00:00,1.0,1.10494,9998.94063,10000.045569999998,1.0999949839884948e-08
2023-05-08 11:00:00,1.0,1.10362,9998.94063,10000.044249999999,-1.3199939841168629e-07
2023-05-08 12:00:00,1.0,1.10361,9998.94063,10000.04424,-9.9999553082597e-10
2023-05-08 13:00:00,1.0,1.1048,9998.94063,10000.045429999998,1.1899947338633865e-07
2023-05-08 14:00:00,1.0,1.1035,9998.94063,10000.044129999998,-1.299994093484358e-07
2023-05-08 15:00:00,1.0,1.10371,9998.94063,10000.044339999999,2.0999907368590698e-08
2023-05-08 16:00:00,1.0,1.10434,9998.94063,10000.044969999999,6.299972077350446e-08
2023-05-08 17:00:00,1.0,1.10159,9998.94063,10000.04222,-2.749987633166029e-07
2023-05-08 18:00:00,1.0,1.10198,9998.94063,10000.042609999999,3.8999835361153146e-08
2023-05-08 19:00:00,1.0,1.10272,9998.94063,10000.04335,7.399968482424413e-08
2023-05-08 20:00:00,1.0,1.10157,9998.94063,10000.0422,-1.149995014770866e-07
2023-05-08 21:00:00,1.0,1.10057,9998.94063,10000.0412,-9.999957806261506e-08
2023-05-08 22:00:00,1.0,1.10019,9998.94063,10000.040819999998,-3.799984360508546e-08
2023-05-08 23:00:00,1.0,1.10043,9998.94063,10000.04106,2.3999902065696688e-08
2023-05-09 00:00:00,1.0,1.10039,9998.94063,10000.041019999999,-3.999983677616115e-09
2023-05-09 01:00:00,1.0,1.10013,9998.94063,10000.04076,-2.599989323837093e-08
2023-05-09 02:00:00,1.0,1.09964,9998.94063,10000.04027,-4.899980032835316e-08
2023-05-09 03:00:00,1.0,1.09898,9998.94063,10000.03961,-6.599973423337957e-08
2023-05-09 04:00:00,1.0,1.09876,9998.94063,10000.03939,-2.199991289142389e-08
2023-05-09 05:00:00,1.0,1.09905,9998.94063,10000.03968,2.8999885826053173e-08
2023-05-09 06:00:00,1.0,1.09938,9998.94063,10000.040009999999,3.299986905958008e-08
2023-05-09 07:00:00,1.0,1.09889,9998.94063,10000.039519999998,-4.899980399208914e-08
2023-05-09 08:00:00,1.0,1.09942,9998.94063,10000.04005,5.299979055628512e-08
2023-05-09 09:00:00,1.0,1.09943,9998.94063,10000.04006,9.999958638928774e-10
2023-05-09 10:00:00,1.0,1.09782,9998.94063,10000.03845,-1.6099935495894613e-07
2023-05-09 11:00:00,1.0,1.09789,9998.94063,10000.038519999998,6.999972823606981e-09
2023-05-09 12:00:00,1.0,1.09842,9998.94063,10000.03905,5.299979588535564e-08
2023-05-09 13:00:00,1.0,1.09799,9998.94063,10000.03862,-4.299983213940095e-08
2023-05-09 14:00:00,1.0,1.09636,9998.94063,10000.036989999999,-1.629993705565269e-07
2023-05-09 15:00:00,1.0,1.09501,9998.94063,10000.035639999998,-1.3499950068940336e-07
2023-05-09 16:00:00,1.0,1.0962,9998.94063,10000.03683,1.1899957597094613e-07
2023-05-09 17:00:00,1.0,1.0956,9998.94063,10000.03623,-5.999977892301445e-08
2023-05-09 18:00:00,1.0,1.09529,9998.94063,10000.035919999998,-3.0999887767890755e-08
2023-05-09 19:00:00,1.0,1.09553,9998.94063,10000.03616,2.399991383406075e-08
2023-05-09 20:00:00,1.0,1.09638,9998.94063,10000.03701,8.499969261777096e-08
2023-05-09 21:00:00,1.0,1.09666,9998.94063,10000.037289999998,2.7999896179409234e-08
2023-05-09 22:00:00,1.0,1.09628,9998.94063,10000.036909999999,-3.7999858260029384e-08
2023-05-09 23:00:00,1.0,1.09604,9998.94063,10000.03667,-2.3999911391570095e-08
2023-05-10 00:00:00,1.0,1.09461,9998.94063,10000.03524,-1.4299947559415216e-07
2023-05-10 01:00:00,1.0,1.0965,9998.94063,10000.037129999999,1.88999333960993e-07
2023-05-10 02:00:00,1.0,1.09646,9998.94063,10000.03709,-3.999985009883744e-09
2023-05-10 03:00:00,1.0,1.09692,9998.94063,10000.03755,4.5999829278997595e-08
2023-05-10 04:00:00,1.0,1.09713,9998.94063,10000.03776,2.0999921135356203e-08
2023-05-10 05:00:00,1.0,1.09743,9998.94063,10000.038059999999,2.9999886796971964e-08
2023-05-10 06:00:00,1.0,1.09761,9998.94063,10000.03824,1.7999931545276127e-08
2023-05-10 07:00:00,1.0,1.09722,9998.94063,10000.037849999999,-3.899985101529779e-08
2023-05-10 08:00:00,1.0,1.09668,9998.94063,10000.03731,-5.39997955240068e-08
2023-05-10 09:00:00,1.0,1.09697,9998.94063,10000.0376,2.8999891821257506e-08
2023-05-10 10:00:00,1.0,1.09648,9998.94063,10000.03711,-4.89998157604532e-08
2023-05-10 11:00:00,1.0,1.09521,9998.94063,10000.035839999999,-1.2699952878225673e-07
2023-05-10 12:00:00,1.0,1.09568,9998.94063,10000.03631,4.6999831582184015e-08
2023-05-10 13:00:00,1.0,1.09549,9998.94063,10000.036119999999,-1.8999931072904985e-08
2023-05-10 14:00:00,1.0,1.09492,9998.94063,10000.035549999999,-5.6999794106893376e-08
2023-05-10 15:00:00,1.0,1.10008,9998.94063,10000.04071,5.15998165750986e-07
2023-05-10 16:00:00,1.0,1.0986,9998.94063,10000.039229999998,-1.4799939762610848e-07
2023-05-10 17:00:00,1.0,1.09723,9998.94063,10000.037859999999,-1.3699946255218975e-07
2023-05-10 18:00:00,1.0,1.09652,9998.94063,10000.037149999998,-7.099973120539005e-08
2023-05-10 19:00:00,1.0,1.09704,9998.94063,10000.03767,5.1999806904845514e-08
2023-05-10 20:00:00,1.0,1.09675,9998.94063,10000.03738,-2.8999890711034482e-08
2023-05-10 21:00:00,1.0,1.09769,9998.94063,10000.03832,9.39996485094241e-08
2023-05-10 22:00:00,1.0,1.09825,9998.94063,10000.038879999998,5.599978525339111e-08
2023-05-10 23:00:00,1.0,1.0983,9998.94063,10000.038929999999,4.999980651732017e-09
2023-05-11 00:00:00,1.0,1.09813,9998.94063,10000.03876,-1.6999933794004107e-08
2023-05-11 01:00:00,1.0,1.09858,9998.94063,10000.039209999999,4.4999825643543545e-08
2023-05-11 02:00:00,1.0,1.09827,9998.94063,10000.0389,-3.099987844201735e-08
2023-05-11 03:00:00,1.0,1.09927,9998.94063,10000.0399,9.999961103623889e-08
2023-05-11 04:00:00,1.0,1.09845,9998.94063,10000.039079999999,-8.199967294064692e-08
2023-05-11 05:00:00,1.0,1.09806,9998.94063,10000.03869,-3.8999847462584114e-08
2023-05-11 06:00:00,1.0,1.09744,9998.94063,10000.038069999999,-6.199976021470377e-08
2023-05-11 07:00:00,1.0,1.09754,9998.94063,10000.03817,9.999961969597848e-09
2023-05-11 08:00:00,1.0,1.09784,9998.94063,10000.03847,2.9999885464704334e-08
2023-05-11 09:00:00,1.0,1.09305,9998.94063,10000.033679999999,-4.789981573605218e-07
2023-05-11 10:00:00,1.0,1.09302,9998.94063,10000.03365,-2.9999898121246815e-09
2023-05-11 11:00:00,1.0,1.09285,9998.94063,10000.03348,-1.6999942675788304e-08
2023-05-11 12:00:00,1.0,1.09279,9998.94063,10000.03342,-5.9999799573162704e-09
2023-05-11 13:00:00,1.0,1.09226,9998.94063,10000.032889999999,-5.299982297479744e-08
2023-05-11 14:00:00,1.0,1.09316,9998.94063,10000.03379,8.999970413370306e-08
2023-05-11 15:00:00,1.0,1.09329,9998.94063,10000.03392,1.2999956000570023e-08
2023-05-11 16:00:00,1.0,1.09016,9998.94063,10000.030789999999,-3.129989384342835e-07
2023-05-11 17:00:00,1.0,1.09175,9998.94063,10000.032379999999,1.5899951044673344e-07
2023-05-11 18:00:00,1.0,1.09155,9998.94063,10000.032179999998,-1.9999935263470547e-08
2023-05-11 19:00:00,1.0,1.09252,9998.94063,10000.03315,9.699968805954029e-08
2023-05-11 20:00:00,1.0,1.09128,9998.94063,10000.03191,-1.2399958893016816e-07
2023-05-11 21:00:00,1.0,1.09187,9998.94063,10000.0325,5.8999811702875604e-08
2023-05-11 22:00:00,1.0,1.09172,9998.94063,10000.03235,-1.4999951281069457e-08
2023-05-11 23:00:00,1.0,1.09165,9998.94063,10000.03228,-6.999977375521382e-09
2023-05-12 00:00:00,1.0,1.09153,9998.94063,10000.032159999999,-1.1999961357922473e-08
2023-05-12 01:00:00,1.0,1.09165,9998.94063,10000.03228,1.1999961468944775e-08
2023-05-12 02:00:00,1.0,1.09124,9998.94063,10000.031869999999,-4.09998677231016e-08
2023-05-12 03:00:00,1.0,1.09214,9998.94063,10000.03277,8.999971323753186e-08
2023-05-12 04:00:00,1.0,1.09241,9998.94063,10000.033039999998,2.6999911417746603e-08
2023-05-12 05:00:00,1.0,1.09186,9998.94063,10000.03249,-5.499981814427457e-08
2023-05-12 06:00:00,1.0,1.09223,9998.94063,10000.03286,3.6999879826637994e-08
2023-05-12 07:00:00,1.0,1.09262,9998.94063,10000.033249999999,3.8999871776468353e-08
2023-05-12 08:00:00,1.0,1.09243,9998.94063,10000.03306,-1.899993673504241e-08
2023-05-12 09:00:00,1.0,1.09288,9998.94063,10000.03351,4.499985117867311e-08
2023-05-12 10:00:00,1.0,1.09078,9998.94063,10000.03141,-2.0999929628562342e-07
2023-05-12 11:00:00,1.0,1.09135,9998.94063,10000.03198,5.6999821085312874e-08
2023-05-12 12:00:00,1.0,1.0911,9998.94063,10000.031729999999,-2.4999920134050058e-08
2023-05-12 13:00:00,1.0,1.09055,9998.94063,10000.03118,-5.499982536072423e-08
2023-05-12 14:00:00,1.0,1.0892,9998.94063,10000.02983,-1.349995790711489e-07
2023-05-12 15:00:00,1.0,1.08869,9998.94063,10000.02932,-5.0999847900357054e-08
2023-05-12 16:00:00,1.0,1.08892,9998.94063,10000.02955,2.2999932625111796e-08
2023-05-12 17:00:00,1.0,1.08624,9998.94063,10000.02687,-2.6799920804787547e-07
2023-05-12 18:00:00,1.0,1.08557,9998.94063,10000.026199999998,-6.699982013635974e-08
2023-05-12 19:00:00,1.0,1.08519,9998.94063,10000.025819999999,-3.799990033748202e-08
2023-05-12 20:00:00,1.0,1.08546,9998.94063,10000.02609,2.699993029153802e-08
2023-05-12 21:00:00,1.0,1.08531,9998.94063,10000.02594,-1.499996082898747e-08
2023-05-12 22:00:00,1.0,1.08518,9998.94063,10000.02581,-1.2999966325644152e-08
2023-05-12 23:00:00,1.0,1.08498,9998.94063,10000.025609999999,-1.999994847512454e-08
2023-05-15 00:00:00,1.0,1.08528,9998.94063,10000.025909999998,2.999992321228717e-08
2023-05-15 01:00:00,1.0,1.085,9998.94063,10000.025629999998,-2.7999927487698528e-08
2023-05-15 02:00:00,1.0,1.08529,9998.94063,10000.02592,2.899992579408206e-08
2023-05-15 03:00:00,1.0,1.0853,9998.94063,10000.02593,9.99997418205112e-10
2023-05-15 04:00:00,1.0,1.08632,9998.94063,10000.02695,1.0199973554669839e-07
2023-05-15 05:00:00,1.0,1.08553,9998.94063,10000.02616,-7.899978704539734e-08
2023-05-15 06:00:00,1.0,1.08598,9998.94063,10000.026609999999,4.49998822649178e-08
2023-05-15 07:00:00,1.0,1.08631,9998.94063,10000.02694,3.299991235827804e-08
2023-05-15 08:00:00,1.0,1.08675,9998.94063,10000.02738,4.3999881516043615e-08
2023-05-15 09:00:00,1.0,1.08698,9998.94063,10000.02761,2.2999937066003895e-08
2023-05-15 10:00:00,1.0,1.0874,9998.94063,10000.02803,4.199988401509813e-08
2023-05-15 11:00:00,1.0,1.08686,9998.94063,10000.027489999999,-5.399984870368968e-08
2023-05-15 12:00:00,1.0,1.0869,9998.94063,10000.02753,3.999989006686633e-09
2023-05-15 13:00:00,1.0,1.08781,9998.94063,10000.02844,9.099974951354284e-08
2023-05-15 14:00:00,1.0,1.08777,9998.94063,10000.0284,-3.9999886736197254e-09
2023-05-15 15:00:00,1.0,1.08791,9998.94063,10000.02854,1.3999960302157888e-08
2023-05-15 16:00:00,1.0,1.08795,9998.94063,10000.028579999998,3.999988562597423e-09
2023-05-15 17:00:00,1.0,1.08649,9998.94063,10000.027119999999,-1.4599958264582824e-07
2023-05-15 18:00:00,1.0,1.08732,9998.94063,10000.02795,8.299977505288325e-08
2023-05-15 19:00:00,1.0,1.08789,9998.94063,10000.02852,5.699984062523811e-08
2023-05-15 20:00:00,1.0,1.08762,9998.94063,10000.02825,-2.699992307508836e-08
2023-05-15 21:00:00,1.0,1.08743,9998.94063,10000.028059999999,-1.8999946393982725e-08
2023-05-15 22:00:00,1.0,1.08751,9998.94063,10000.028139999999,7.999977569284056e-09
2023-05-15 23:00:00,1.0,1.08741,9998.94063,10000.02804,-9.999971739560465e-09
2023-05-16 00:00:00,1.0,1.08746,9998.94063,10000.02809,4.999985980802535e-09
2023-05-16 01:00:00,1.0,1.08761,9998.94063,10000.02824,1.4999957942407605e-08
2023-05-16 02:00:00,1.0,1.08736,9998.94063,10000.027989999999,-2.4999929459923464e-08
2023-05-16 03:00:00,1.0,1.08818,9998.94063,10000.02881,8.199977052925078e-08
2023-05-16 04:00:00,1.0,1.08775,9998.94063,10000.02838,-4.2999876104232726e-08
2023-05-16 05:00:00,1.0,1.08834,9998.94063,10000.02897,5.899983257506847e-08
2023-05-16 06:00:00,1.0,1.08824,9998.94063,10000.028869999998,-9.999971184448952e-09
2023-05-16 07:00:00,1.0,1.08822,9998.94063,10000.028849999999,-1.999994170276409e-09
2023-05-16 08:00:00,1.0,1.08711,9998.94063,10000.02774,-1.1099967966998747e-07
2023-05-16 09:00:00,1.0,1.08764,9998.94063,10000.028269999999,5.2999852950819104e-08
2023-05-16 10:00:00,1.0,1.08886,9998.94063,10000.029489999999,1.2199965504500199e-07
2023-05-16 11:00:00,1.0,1.08911,9998.94063,10000.02974,2.4999926351298996e-08
2023-05-16 12:00:00,1.0,1.08938,9998.94063,10000.030009999999,2.6999919633396985e-08
2023-05-16 13:00:00,1.0,1.08952,9998.94063,10000.030149999999,1.3999958081711839e-08
2023-05-16 14:00:00,1.0,1.08868,9998.94063,10000.02931,-8.399974660289189e-08
2023-05-16 15:00:00,1.0,1.08817,9998.94063,10000.0288,-5.099985045387001e-08
2023-05-16 16:00:00,1.0,1.08753,9998.94063,10000.02816,-6.399981566929114e-08
2023-05-16 17:00:00,1.0,1.08665,9998.94063,10000.027279999998,-8.79997523739462e-08
2023-05-16 18:00:00,1.0,1.08646,9998.94063,10000.02709,-1.8999948059317262e-08
2023-05-16 19:00:00,1.0,1.08669,9998.94063,10000.02732,2.299993773213771e-08
2023-05-16 20:00:00,1.0,1.0867,9998.94063,10000.027329999999,9.99997196160507e-10
2023-05-16 21:00:00,1.0,1.08677,9998.94063,10000.027399999999,6.999980817212759e-09
2023-05-16 22:00:00,1.0,1.08631,9998.94063,10000.02694,-4.5999873909963185e-08
2023-05-16 23:00:00,1.0,1.08616,9998.94063,10000.02679,-1.499995960774214e-08
2023-05-17 00:00:00,1.0,1.08612,9998.94063,10000.026749999999,-3.99998933975354e-09
2023-05-17 01:00:00,1.0,1.08624,9998.94063,10000.02687,1.1999967908238318e-08
2023-05-17 02:00:00,1.0,1.08654,9998.94063,10000.02717,2.999991943752889e-08
2023-05-17 03:00:00,1.0,1.08705,9998.94063,10000.02768,5.0999861445077954e-08
2023-05-17 04:00:00,1.0,1.08699,9998.94063,10000.027619999999,-5.999983399007647e-09
2023-05-17 05:00:00,1.0,1.08696,9998.94063,10000.02759,-2.999991588481521e-09
2023-05-17 06:00:00,1.0,1.08656,9998.94063,10000.027189999999,-3.999988973379942e-08
2023-05-17 07:00:00,1.0,1.08648,9998.94063,10000.027109999999,-7.99997823541787e-09
2023-05-17 08:00:00,1.0,1.08532,9998.94063,10000.02595,-1.1599968552378215e-07
2023-05-17 09:00:00,1.0,1.0854,9998.94063,10000.026029999999,7.99997912359629e-09
2023-05-17 10:00:00,1.0,1.0832,9998.94063,10000.023829999998,-2.1999942745321022e-07
2023-05-17 11:00:00,1.0,1.08291,9998.94063,10000.023539999998,-2.8999930901107973e-08
2023-05-17 12:00:00,1.0,1.0831,9998.94063,10000.023729999999,1.8999955386789225e-08
2023-05-17 13:00:00,1.0,1.08305,9998.94063,10000.023679999998,-4.999988201248584e-09
2023-05-17 14:00:00,1.0,1.08252,9998.94063,10000.023149999999,-5.299987437812348e-08
2023-05-17 15:00:00,1.0,1.08239,9998.94063,10000.023019999999,-1.2999969989380133e-08
2023-05-17 16:00:00,1.0,1.08154,9998.94063,10000.022169999998,-8.499980441722954e-08
2023-05-17 17:00:00,1.0,1.08208,9998.94063,10000.02271,5.399988034504588e-08
2023-05-17 18:00:00,1.0,1.08294,9998.94063,10000.02357,8.599980461099221e-08
2023-05-17 19:00:00,1.0,1.08419,9998.94063,10000.024819999999,1.249997052532592e-07
2023-05-17 20:00:00,1.0,1.0844,9998.94063,10000.025029999999,2.09999480027534e-08
2023-05-17 21:00:00,1.0,1.08376,9998.94063,10000.024389999999,-6.399983987215307e-08
2023-05-17 22:00:00,1.0,1.08398,9998.94063,10000.024609999999,2.199994630913693e-08
2023-05-17 23:00:00,1.0,1.08381,9998.94063,10000.02444,-1.6999958107888347e-08
2023-05-18 00:00:00,1.0,1.08385,9998.94063,10000.02448,3.999990338954262e-09
2023-05-18 01:00:00,1.0,1.08383,9998.94063,10000.024459999999,-1.9999952804994336e-09
2023-05-18 02:00:00,1.0,1.08379,9998.94063,10000.02442,-3.9999901169096574e-09
2023-05-18 03:00:00,1.0,1.08422,9998.94063,10000.02485,4.2999894978024145e-08
2023-05-18 04:00:00,1.0,1.08451,9998.94063,10000.02514,2.899992801452811e-08
2023-05-18 05:00:00,1.0,1.08463,9998.94063,10000.025259999999,1.1999969684595158e-08
2023-05-18 06:00:00,1.0,1.08398,9998.94063,10000.024609999999,-6.499983584706825e-08
2023-05-18 07:00:00,1.0,1.0833,9998.94063,10000.02393,-6.799983254257569e-08
2023-05-18 08:00:00,1.0,1.08304,9998.94063,10000.023669999999,-2.599993786933652e-08
2023-05-18 09:00:00,1.0,1.0826,9998.94063,10000.023229999999,-4.399989583792063e-08
2023-05-18 10:00:00,1.0,1.08163,9998.94063,10000.02226,-9.699977454591391e-08
2023-05-18 11:00:00,1.0,1.08166,9998.94063,10000.022289999999,2.9999931427937554e-09
2023-05-18 12:00:00,1.0,1.08181,9998.94063,10000.022439999999,1.4999966602147197e-08
2023-05-18 13:00:00,1.0,1.08152,9998.94063,10000.022149999999,-2.8999934897910862e-08
2023-05-18 14:00:00,1.0,1.08152,9998.94063,10000.022149999999,0.0
2023-05-18 15:00:00,1.0,1.07901,9998.94063,10000.019639999999,-2.5099944400697183e-07
2023-05-18 16:00:00,1.0,1.07777,9998.94063,10000.018399999999,-1.2399975646282257e-07
2023-05-18 17:00:00,1.0,1.07694,9998.94063,10000.01757,-8.299984721737985e-08
2023-05-18 18:00:00,1.0,1.07754,9998.94063,10000.01817,5.999989460825361e-08
2023-05-18 19:00:00,1.0,1.07632,9998.94063,10000.01695,-1.2199977839078002e-07
2023-05-18 20:00:00,1.0,1.07667,9998.94063,10000.0173,3.4999940723423606e-08
2023-05-18 21:00:00,1.0,1.0767,9998.94063,10000.017329999999,2.99999469710599e-09
2023-05-18 22:00:00,1.0,1.07741,9998.94063,10000.018039999999,7.099987708869548e-08
2023-05-18 23:00:00,1.0,1.07711,9998.94063,10000.01774,-2.9999945860836874e-08
2023-05-19 00:00:00,1.0,1.07698,9998.94063,10000.017609999999,-1.2999976983785189e-08
2023-05-19 01:00:00,1.0,1.07763,9998.94063,10000.018259999999,6.499988547403746e-08
2023-05-19 02:00:00,1.0,1.07751,9998.94063,10000.018139999998,-1.1999978122290145e-08
2023-05-19 03:00:00,1.0,1.07739,9998.94063,10000.01802,-1.1999978122290145e-08
2023-05-19 04:00:00,1.0,1.07633,9998.94063,10000.016959999999,-1.059998090413572e-07
2023-05-19 05:00:00,1.0,1.07722,9998.94063,10000.017849999998,8.899984904608971e-08
2023-05-19 06:00:00,1.0,1.07684,9998.94063,10000.017469999999,-3.799993208986052e-08
2023-05-19 07:00:00,1.0,1.07637,9998.94063,10000.017,-4.699991784651303e-08
2023-05-19 08:00:00,1.0,1.07689,9998.94063,10000.01752,5.199991148785443e-08
2023-05-19 09:00:00,1.0,1.07814,9998.94063,10000.018769999999,1.249997809704695e-07
2023-05-19 10:00:00,1.0,1.07775,9998.94063,10000.01838,-3.899992673250807e-08
2023-05-19 11:00:00,1.0,1.07882,9998.94063,10000.01945,1.0699980346196014e-07
2023-05-19 12:00:00,1.0,1.08022,9998.94063,10000.020849999999,1.3999972758860224e-07
2023-05-19 13:00:00,1.0,1.07946,9998.94063,10000.02009,-7.599984142014904e-08
2023-05-19 14:00:00,1.0,1.08087,9998.94063,10000.021499999999,1.4099971656911237e-07
2023-05-19 15:00:00,1.0,1.0806,9998.94063,10000.021229999998,-2.699994194887978e-08
2023-05-19 16:00:00,1.0,1.07952,9998.94063,10000.020149999998,-1.0799977068209898e-07
2023-05-19 17:00:00,1.0,1.07861,9998.94063,10000.01924,-9.099981657101353e-08
2023-05-19 18:00:00,1.0,1.08191,9998.94063,10000.02254,3.2999936516731054e-07
2023-05-19 19:00:00,1.0,1.08208,9998.94063,10000.02271,1.6999961660602025e-08
2023-05-19 20:00:00,1.0,1.08198,9998.94063,10000.02261,-9.999977179653285e-09
2023-05-19 21:00:00,1.0,1.08084,9998.94063,10000.02147,-1.1399974231274257e-07
2023-05-19 22:00:00,1.0,1.0806,9998.94063,10000.021229999998,-2.399994858404142e-08
2023-05-19 23:00:00,1.0,1.08048,9998.94063,10000.02111,-1.1999974347531861e-08
2023-05-22 00:00:00,1.0,1.0805,9998.94063,10000.02113,1.9999957245886435e-09
2023-05-22 01:00:00,1.0,1.08172,9998.94063,10000.02235,1.2199974230853172e-07
2023-05-22 02:00:00,1.0,1.08219,9998.94063,10000.022819999998,4.699989486489642e-08
2023-05-22 03:00:00,1.0,1.08235,9998.94063,10000.02298,1.59999635762631e-08
2023-05-22 04:00:00,1.0,1.08255,9998.94063,10000.023179999998,1.999995391521736e-08
2023-05-22 05:00:00,1.0,1.08229,9998.94063,10000.02292,-2.599993964569336e-08
2023-05-22 06:00:00,1.0,1.08209,9998.94063,10000.022719999999,-1.999995424828427e-08
2023-05-22 07:00:00,1.0,1.08186,9998.94063,10000.02249,-2.299994772414493e-08
2023-05-22 08:00:00,1.0,1.08104,9998.94063,10000.021669999998,-8.199981571532788e-08
2023-05-22 09:00:00,1.0,1.08109,9998.94063,10000.021719999999,4.999989311471609e-09
2023-05-22 10:00:00,1.0,1.0807,9998.94063,10000.02133,-3.8999915186188616e-08
2023-05-22 11:00:00,1.0,1.08104,9998.94063,10000.021669999998,3.399992731800694e-08
2023-05-22 12:00:00,1.0,1.08193,9998.94063,10000.02256,8.899980730170398e-08
2023-05-22 13:00:00,1.0,1.0822,9998.94063,10000.02283,2.6999939173322218e-08
2023-05-22 14:00:00,1.0,1.08217,9998.94063,10000.022799999999,-2.999993253816058e-09
2023-05-22 15:00:00,1.0,1.08193,9998.94063,10000.02256,-2.3999945253372346e-08
2023-05-22 16:00:00,1.0,1.08124,9998.94063,10000.021869999999,-6.899984439368012e-08
2023-05-22 17:00:00,1.0,1.07985,9998.94063,10000.02048,-1.3899969597552797e-07
2023-05-22 18:00:00,1.0,1.08053,9998.94063,10000.021159999998,6.799986063121821e-08
2023-05-22 19:00:00,1.0,1.08099,9998.94063,10000.02162,4.5999902775761825e-08
2023-05-22 20:00:00,1.0,1.08182,9998.94063,10000.022449999999,8.299982034998266e-08
2023-05-22 21:00:00,1.0,1.08193,9998.94063,10000.02256,1.0999975375014515e-08
2023-05-22 22:00:00,1.0,1.08113,9998.94063,10000.02176,-7.999981954665003e-08
2023-05-22 23:00:00,1.0,1.08131,9998.94063,10000.021939999999,1.7999960633119372e-08
2023-05-23 00:00:00,1.0,1.08122,9998.94063,10000.02185,-8.999980205537383e-09
2023-05-23 01:00:00,1.0,1.08128,9998.94063,10000.02191,5.9999869517213256e-09
2023-05-23 02:00:00,1.0,1.08104,9998.94063,10000.021669999998,-2.3999947584840697e-08
2023-05-23 03:00:00,1.0,1.08116,9998.94063,10000.021789999999,1.1999974125487256e-08
2023-05-23 04:00:00,1.0,1.08044,9998.94063,10000.021069999999,-7.1999843087589e-08
2023-05-23 05:00:00,1.0,1.08102,9998.94063,10000.021649999999,5.79998777894275e-08
2023-05-23 06:00:00,1.0,1.08081,9998.94063,10000.021439999999,-2.0999954553069244e-08
2023-05-23 07:00:00,1.0,1.08104,9998.94063,10000.021669999998,2.2999950610724795e-08
2023-05-23 08:00:00,1.0,1.08074,9998.94063,10000.021369999999,-2.999993498065123e-08
2023-05-23 09:00:00,1.0,1.08093,9998.94063,10000.02156,1.8999959383592113e-08
2023-05-23 10:00:00,1.0,1.08036,9998.94063,10000.020989999999,-5.699987715157562e-08
2023-05-23 11:00:00,1.0,1.08033,9998.94063,10000.02096,-2.9999935868829652e-09
2023-05-23 12:00:00,1.0,1.07814,9998.94063,10000.018769999999,-2.1899954105730757e-07
2023-05-23 13:00:00,1.0,1.07778,9998.94063,10000.018409999999,-3.599993247949129e-08
2023-05-23 14:00:00,1.0,1.07728,9998.94063,10000.017909999999,-4.999990799170462e-08
2023-05-23 15:00:00,1.0,1.07638,9998.94063,10000.01701,-8.999983869273365e-08
2023-05-23 16:00:00,1.0,1.07818,9998.94063,10000.01881,1.7999969381676806e-07
2023-05-23 17:00:00,1.0,1.07787,9998.94063,10000.018499999998,-3.0999941835752054e-08
2023-05-23 18:00:00,1.0,1.07708,9998.94063,10000.017709999998,-7.899985388082342e-08
2023-05-23 19:00:00,1.0,1.07669,9998.94063,10000.017319999999,-3.8999930840333263e-08
2023-05-23 20:00:00,1.0,1.07779,9998.94063,10000.018419999999,1.0999980948334098e-07
2023-05-23 21:00:00,1.0,1.07763,9998.94063,10000.018259999999,-1.599997045964585e-08
2023-05-23 22:00:00,1.0,1.07676,9998.94063,10000.017389999999,-8.699984110904779e-08
2023-05-23 23:00:00,1.0,1.07709,9998.94063,10000.01772,3.299994277838891e-08
2023-05-24 00:00:00,1.0,1.07721,9998.94063,10000.017839999999,1.1999978566379355e-08
2023-05-24 01:00:00,1.0,1.07725,9998.94063,10000.01788,3.9999930034895215e-09
2023-05-24 02:00:00,1.0,1.07692,9998.94063,10000.017549999999,-3.2999941113054376e-08
2023-05-24 03:00:00,1.0,1.07725,9998.94063,10000.01788,3.29999421122551e-08
2023-05-24 04:00:00,1.0,1.07737,9998.94063,10000.018,1.1999978566379355e-08
2023-05-24 05:00:00,1.0,1.07745,9998.94063,10000.01808,7.999985562889833e-09
2023-05-24 06:00:00,1.0,1.0779,9998.94063,10000.01853,4.499991868023301e-08
2023-05-24 07:00:00,1.0,1.07801,9998.94063,10000.018639999998,1.0999979593862008e-08
2023-05-24 08:00:00,1.0,1.07837,9998.94063,10000.018999999998,3.59999328125582e-08
2023-05-24 09:00:00,1.0,1.07777,9998.94063,10000.018399999999,-5.999988594851402e-08
2023-05-24 10:00:00,1.0,1.07838,9998.94063,10000.01901,6.099988780761123e-08
2023-05-24 11:00:00,1.0,1.07777,9998.94063,10000.018399999999,-6.099988414387525e-08
2023-05-24 12:00:00,1.0,1.07736,9998.94063,10000.017989999998,-4.099992456652046e-08
2023-05-24 13:00:00,1.0,1.07516,9998.94063,10000.01579,-2.1999960408969343e-07
2023-05-24 14:00:00,1.0,1.07809,9998.94063,10000.01872,2.929995372991101e-07
2023-05-24 15:00:00,1.0,1.07895,9998.94063,10000.019579999998,8.599983880586137e-08
2023-05-24 16:00:00,1.0,1.07697,9998.94063,10000.0176,-1.979996122614125e-07
2023-05-24 17:00:00,1.0,1.07627,9998.94063,10000.016899999999,-6.999987689493281e-08
2023-05-24 18:00:00,1.0,1.07583,9998.94063,10000.016459999999,-4.399992559189769e-08
2023-05-24 19:00:00,1.0,1.0756,9998.94063,10000.01623,-2.299996215704425e-08
2023-05-24 20:00:00,1.0,1.07562,9998.94063,10000.016249999999,1.999996612767063e-09
2023-05-24 21:00:00,1.0,1.07507,9998.94063,10000.0157,-5.499991051483022e-08
2023-05-24 22:00:00,1.0,1.07496,9998.94063,10000.015589999999,-1.099998281350878e-08
2023-05-24 23:00:00,1.0,1.07505,9998.94063,10000.015679999999,8.999985867674809e-09
2023-05-25 00:00:00,1.0,1.075,9998.94063,10000.01563,-4.99999208702917e-09
2023-05-25 01:00:00,1.0,1.07551,9998.94063,10000.01614,5.099992028689826e-08
2023-05-25 02:00:00,1.0,1.07555,9998.94063,10000.016179999999,3.999993447578731e-09
2023-05-25 03:00:00,1.0,1.07505,9998.94063,10000.015679999999,-4.9999919093934864e-08
2023-05-25 04:00:00,1.0,1.07437,9998.94063,10000.015,-6.799989327177514e-08
2023-05-25 05:00:00,1.0,1.07415,9998.94063,10000.01478,-2.199996695928519e-08
2023-05-25 06:00:00,1.0,1.07374,9998.94063,10000.014369999999,-4.099993944350899e-08
2023-05-25 07:00:00,1.0,1.07343,9998.94063,10000.01406,-3.0999955380472954e-08
2023-05-25 08:00:00,1.0,1.07397,9998.94063,10000.014599999999,5.399992408783305e-08
2023-05-25 09:00:00,1.0,1.07322,9998.94063,10000.01385,-7.499989040926636e-08
2023-05-25 10:00:00,1.0,1.0721,9998.94063,10000.012729999999,-1.1199984495391391e-07
2023-05-25 11:00:00,1.0,1.0723,9998.94063,10000.012929999999,1.999997456536562e-08
2023-05-25 12:00:00,1.0,1.07317,9998.94063,10000.013799999999,8.699988751637022e-08
2023-05-25 13:00:00,1.0,1.07227,9998.94063,10000.0129,-8.999987566316037e-08
2023-05-25 14:00:00,1.0,1.07328,9998.94063,10000.01391,1.00999869800944e-07
2023-05-25 15:00:00,1.0,1.07184,9998.94063,10000.01247,-1.4399979975099342e-07
2023-05-25 16:00:00,1.0,1.07136,9998.94063,10000.011989999999,-4.7999940244736194e-08
2023-05-25 17:00:00,1.0,1.07283,9998.94063,10000.013459999998,1.4699982364696496e-07
2023-05-25 18:00:00,1.0,1.07243,9998.94063,10000.01306,-3.999994602210677e-08
2023-05-25 19:00:00,1.0,1.07126,9998.94063,10000.01189,-1.169998471439726e-07
2023-05-25 20:00:00,1.0,1.07277,9998.94063,10000.0134,1.5099982042521276e-07
2023-05-25 21:00:00,1.0,1.0721,9998.94063,10000.012729999999,-6.699991039749165e-08
2023-05-25 22:00:00,1.0,1.07207,9998.94063,10000.0127,-2.999996140395922e-09
2023-05-25 23:00:00,1.0,1.07251,9998.94063,10000.01314,4.3999944132622204e-08
2023-05-26 00:00:00,1.0,1.07275,9998.94063,10000.013379999999,2.399996845703356e-08
2023-05-26 01:00:00,1.0,1.0726,9998.94063,10000.013229999999,-1.4999979924823492e-08
2023-05-26 02:00:00,1.0,1.07234,9998.94063,10000.01297,-2.5999965513889833e-08
2023-05-26 03:00:00,1.0,1.07254,9998.94063,10000.013169999998,1.9999973899231804e-08
2023-05-26 04:00:00,1.0,1.07322,9998.94063,10000.01385,6.799991059125432e-08
2023-05-26 05:00:00,1.0,1.07341,9998.94063,10000.01404,1.8999973816491433e-08
2023-05-26 06:00:00,1.0,1.07374,9998.94063,10000.014369999999,3.2999953658574555e-08
2023-05-26 07:00:00,1.0,1.07399,9998.94063,10000.01462,2.4999964098881833e-08
2023-05-26 08:00:00,1.0,1.07373,9998.94063,10000.01436,-2.5999962072198457e-08
2023-05-26 09:00:00,1.0,1.07295,9998.94063,10000.013579999999,-7.799988799295221e-08
